"month","item","definition","uni_lemma","learned","value","value2"
16,13,"alligator","alligator",0,0,4.74493212836325
16,14,"animal","animal",0,29,5.64897423816121
16,15,"ant","ant",0,1,3.52636052461616
16,16,"bear","bear",0,3,6.25766758788264
16,17,"bee","bee",0,1,4.69134788222914
16,18,"bird","bird",0,11,6.59304453414244
16,19,"bug","bug",0,3,4.92725368515721
16,20,"bunny","bunny",0,1,6.37672694789863
16,21,"butterfly","butterfly",0,0,4.60517018598809
16,22,"cat","cat",0,10,6.93342302573071
16,24,"cow","cow",0,6,6.49677499018586
16,25,"deer","deer",0,1,4.27666611901606
16,26,"dog","dog",1,10,7.33236920592906
16,27,"donkey","donkey",0,2,5.01727983681492
16,28,"duck","duck",0,1,6.4118182677099
16,29,"elephant","elephant",0,2,5.91889385427315
16,31,"frog","frog",0,0,5.59098698051086
16,32,"giraffe","giraffe",0,2,4.83628190695148
16,33,"goose","goose",0,1,4.31748811353631
16,35,"horse","horse",0,7,6.84374994900622
16,36,"kitty","kitty",0,0,6.08221891037645
16,37,"lamb","lamb",0,1,4.9416424226093
16,38,"lion","lion",0,3,6.00141487796115
16,39,"monkey","monkey",0,2,5.94017125272043
16,40,"moose","moose",0,0,2.30258509299405
16,41,"mouse","mouse",0,4,6.08677472691231
16,42,"owl","owl",0,0,4.40671924726425
16,43,"penguin","penguin",0,0,3.73766961828337
16,44,"pig","pig",0,2,6.00388706710654
16,45,"pony","pony",0,1,4.29045944114839
16,46,"puppy","puppy",0,2,4.82028156560504
16,47,"rooster","rooster",0,0,4.11087386417331
16,48,"sheep","sheep",0,1,5.25749537202778
16,49,"squirrel","squirrel",0,2,4.4188406077966
16,51,"tiger","tiger",0,3,6.9555926083963
16,52,"turkey","turkey",0,1,4.72738781871234
16,53,"turtle","turtle",0,0,5.49306144334055
16,54,"wolf","wolf",0,1,4.67282883446191
16,55,"zebra","zebra",0,0,4.7361984483945
16,56,"airplane","airplane",0,1,5.94542060860658
16,57,"bicycle","bicycle",0,3,4.55387689160054
16,58,"boat","boat",0,3,6.19440539110467
16,59,"bus","bus",0,3,6.20657592672493
16,60,"car","car",0,12,7.7445698093545
16,62,"helicopter","helicopter",0,1,4.47733681447821
16,63,"motorcycle","motorcycle",0,1,4.0943445622221
16,64,"sled","sled",0,0,4.02535169073515
16,65,"stroller","stroller",0,0,2.30258509299405
16,66,"tractor","tractor",0,0,5.78074351579233
16,67,"train","train",0,2,6.80682936039218
16,68,"tricycle","tricycle",0,1,3.78418963391826
16,69,"truck","truck",0,3,6.81234509417748
16,70,"ball","ball",1,8,7.02464903045364
16,71,"balloon","balloon",0,0,5.7268477475872
16,72,"bat","bat",0,1,4.27666611901606
16,73,"block","block",0,1,5.605802066296
16,74,"book","book",1,3,7.722677516468
16,75,"bubbles","bubbles",0,0,5.07517381523383
16,76,"chalk","chalk",0,0,4.0943445622221
16,77,"crayon","crayon",0,1,4.87519732320115
16,78,"doll","doll",0,0,5.79605775076537
16,79,"game","game",0,3,6.85646198459459
16,80,"glue","glue",0,2,4.57471097850338
16,81,"pen","pen",0,4,5.91350300563827
16,82,"pencil","pencil",0,3,6.15697898558556
16,84,"present","present",0,2,5.38449506278909
16,85,"puzzle","puzzle",0,0,5.75257263882563
16,86,"story","story",0,0,7.0184017990692
16,88,"apple","apple",0,5,6.07073772800249
16,90,"banana","banana",1,3,5.02388052084628
16,91,"beans","beans",0,1,5.06890420222023
16,92,"bread","bread",0,10,5.96870755998537
16,93,"butter","butter",0,11,6.06378520868761
16,94,"cake","cake",0,6,6.58479139238572
16,95,"candy","candy",0,5,5.52146091786225
16,96,"carrots","carrots",0,1,4.71849887129509
16,97,"cereal","cereal",0,4,5.18738580584075
16,98,"cheerios","cheerios",0,0,3.52636052461616
16,99,"cheese","cheese",0,6,6.20859002609663
16,101,"chocolate","chocolate",0,7,5.87773578177964
16,102,"coffee","coffee",0,2,6.3261494731551
16,103,"coke","coke",0,3,3.63758615972639
16,104,"cookie","cookie",0,4,5.96614673912369
16,105,"corn","corn",0,2,4.969813299576
16,106,"cracker","cracker",0,2,4.99043258677874
16,107,"donut","donut",0,0,1.09861228866811
16,109,"egg","egg",0,3,5.92692602597041
16,111,"food","food",0,37,6.41836493593621
16,115,"gum","gum",0,2,5.06259503302697
16,116,"hamburger","hamburger",0,2,4.29045944114839
16,117,"ice","ice",0,4,6.23244801655052
16,119,"jello","jello",0,1,3.85014760171006
16,120,"jelly","jelly",0,4,4.64439089914137
16,121,"juice","juice",0,2,6.98656645940643
16,122,"lollipop","lollipop",0,0,3.8286413964891
16,123,"meat","meat",0,7,5.75574221358691
16,125,"milk","milk",0,10,7.21964204013074
16,126,"muffin","muffin",0,0,3.04452243772342
16,127,"noodles","pasta",0,0,3.97029191355212
16,128,"nuts","nuts",0,1,4.00733318523247
16,131,"peas","peas",0,3,4.45434729625351
16,133,"pickle","pickle",0,0,3.73766961828337
16,134,"pizza","pizza",0,1,3.73766961828337
16,135,"popcorn","popcorn",0,1,4.36944785246702
16,138,"potato","potato",0,2,5.04342511691925
16,140,"pudding","pudding",0,1,4.14313472639153
16,141,"pumpkin","pumpkin",0,0,4.60517018598809
16,142,"raisin","raisin",0,1,2.94443897916644
16,143,"salt","salt",0,2,4.59511985013459
16,144,"sandwich","sandwich",0,5,5.64897423816121
16,145,"sauce","sauce",0,5,4.39444915467244
16,147,"soup","soup",0,9,5.4553211153577
16,148,"spaghetti","pasta",0,0,4.84418708645859
16,149,"strawberry","strawberry",0,2,4.07753744390572
16,150,"toast","toast",0,5,5.40267738187228
16,155,"yogurt","yogurt",0,0,4.35670882668959
16,156,"beads","beads",0,0,3.95124371858143
16,157,"belt","belt",0,1,4.33073334028633
16,159,"boots","boots",0,0,5.37527840768417
16,160,"button","button",0,2,5.80513496891649
16,161,"coat","coat",0,5,6.18208490671663
16,162,"diaper","diaper",0,0,5.08759633523238
16,164,"gloves","gloves",0,0,4.55387689160054
16,165,"hat","hat",0,4,6.87419849545329
16,166,"jacket","jacket",0,6,5.19295685089021
16,167,"jeans","jeans",0,3,3.29583686600433
16,168,"mittens","mittens",0,0,4.36944785246702
16,169,"necklace","necklace",0,0,3.85014760171006
16,170,"pajamas","pajamas",0,0,4.7361984483945
16,171,"pants","pants",0,7,5.99396142730657
16,173,"shirt","shirt",0,6,6.25958146406492
16,174,"shoe","shoe",1,4,5.84354441703136
16,175,"shorts","shorts",0,3,3.58351893845611
16,179,"sock","sock",0,1,4.39444915467244
16,180,"sweater","sweater",0,4,4.83628190695148
16,183,"zipper","zipper",0,2,4.18965474202643
16,184,"ankle","ankle",0,1,3.04452243772342
16,185,"arm","arm",0,5,5.59098698051086
16,188,"cheek","cheek",0,1,3.78418963391826
16,189,"chin","chin",0,0,4.24849524204936
16,190,"ear","ear",0,3,5.41610040220442
16,191,"eye","eye",0,5,5.69035945432406
16,192,"face","face",0,6,6.52649485957079
16,193,"finger","finger",0,4,6.22059017009974
16,194,"foot","foot",0,9,6.30444880242198
16,195,"hair","hair",0,6,7.17395831975679
16,196,"hand","hand",0,4,7.16317239084664
16,197,"head","head",0,12,7.15617663748062
16,198,"knee","knee",0,2,5.14749447681345
16,199,"leg","leg",0,6,5.62040086571715
16,200,"lips","lips",0,1,3.73766961828337
16,201,"mouth","mouth",0,8,6.98564181763921
16,202,"nose","nose",0,6,6.7990558620588
16,205,"shoulder","shoulder",0,1,4.45434729625351
16,206,"toe","toe",0,3,4.61512051684126
16,207,"tongue","tongue",0,3,5.33753807970132
16,208,"tooth","tooth",0,0,4.4188406077966
16,209,"tummy","tummy",0,0,5.15329159449778
16,211,"basket","basket",0,0,5.27299955856375
16,212,"blanket","blanket",0,2,4.9416424226093
16,213,"bottle","bottle",0,3,5.95324333428778
16,214,"bowl","bowl",0,6,5.46383180502561
16,215,"box","box",0,7,7.20191631753163
16,216,"broom","broom",0,1,4.76217393479776
16,218,"bucket","bucket",0,1,4.77912349311153
16,219,"camera","camera",0,1,4.67282883446191
16,221,"clock","clock",0,0,5.52545293913178
16,223,"cup","cup",0,6,6.74641212857337
16,224,"dish","dish",0,4,4.51085950651685
16,225,"fork","fork",0,5,5.08140436498446
16,226,"garbage","garbage",0,2,5.19295685089021
16,227,"glass","glass",0,6,5.67675380226828
16,228,"glasses","glasses",0,1,5.17614973257383
16,229,"hammer","hammer",0,1,4.84418708645859
16,230,"jar","jar",0,5,4.07753744390572
16,231,"keys","keys",0,0,5.07517381523383
16,232,"knife","knife",0,5,4.9416424226093
16,233,"lamp","lamp",0,2,4.04305126783455
16,234,"light","light",0,5,6.34388043412633
16,235,"medicine","medicine",0,1,4.85203026391962
16,236,"money","money",0,6,6.4425401664682
16,237,"mop","mop",0,2,2.70805020110221
16,238,"nail","nails",0,0,3.95124371858143
16,239,"napkin","napkin",0,0,4.84418708645859
16,240,"paper","paper",0,10,6.97073007814353
16,241,"penny","penny",0,0,4.85981240436167
16,242,"picture","picture",0,1,6.78105762593618
16,243,"pillow","pillow",0,2,4.78749174278205
16,244,"plant","plant",0,2,4.77068462446567
16,245,"plate","plate",0,3,5.85220247977447
16,246,"purse","purse",0,0,4.30406509320417
16,247,"radio","radio",0,2,4.97673374242057
16,248,"scissors","scissors",0,0,5.25749537202778
16,249,"soap","soap",0,4,4.77912349311153
16,250,"spoon","spoon",0,8,5.9427993751267
16,251,"tape","tape",0,2,7.10824413973154
16,252,"telephone","telephone",0,0,5.6937321388027
16,254,"toothbrush","toothbrush",0,0,2.94443897916644
16,255,"towel","towel",0,1,4.92725368515721
16,256,"trash","trash",0,2,4.34380542185368
16,258,"vacuum","vacuum",0,1,4.00733318523247
16,262,"bathroom","bathroom",0,5,5.82894561761021
16,263,"bathtub","bathtub",0,1,4.88280192258637
16,264,"bed","bed",0,8,7.4770384723197
16,265,"bedroom","bedroom",0,3,5.4971682252932
16,267,"chair","chair",0,4,7.1770187659099
16,268,"closet","closet",0,3,4.7361984483945
16,269,"couch","couch",0,1,4.94875989037817
16,270,"crib","crib",0,0,4.06044301054642
16,271,"door","door",0,7,7.20711885620776
16,272,"drawer","drawer",0,1,4.71849887129509
16,273,"dryer","dryer",0,1,3.17805383034795
16,274,"garage","garage",0,0,5.15905529921453
16,276,"kitchen","kitchen",0,2,6.17378610390194
16,278,"oven","oven",0,3,4.77912349311153
16,281,"potty","potty",0,0,5.11198778835654
16,283,"refrigerator","refrigerator",0,0,5.11799381241676
16,284,"room","room",0,6,7.30653139893951
16,285,"shower","shower",0,5,4.44265125649032
16,286,"sink","sink",0,3,5.04985600724954
16,288,"stairs","stairs",0,0,5.42934562895444
16,289,"stove","stove",0,4,4.77068462446567
16,290,"table","table",0,6,7.24921505711439
16,292,"window","window",0,3,6.24997524225948
16,294,"backyard","yard",0,1,3.29583686600433
16,295,"cloud","cloud",0,2,3.17805383034795
16,296,"flag","flag",0,0,3.85014760171006
16,297,"flower","flower",0,5,5.21493575760899
16,298,"garden","garden",0,4,5.33753807970132
16,299,"grass","grass",0,3,5.41164605185504
16,300,"hose","hose",0,3,4.00733318523247
16,301,"ladder","ladder",0,1,4.96284463025991
16,303,"moon","moon",0,3,5.11799381241676
16,304,"pool","pool",0,0,5.00394630594546
16,305,"rain","rain",0,7,5.21493575760899
16,307,"roof","roof",0,1,5.09375020080676
16,308,"sandbox","sandbox",0,0,2.94443897916644
16,309,"shovel","shovel",0,0,4.35670882668959
16,310,"sidewalk","sidewalk",0,0,3.58351893845611
16,311,"sky","sky",0,6,5.14749447681345
16,313,"snow","snow",0,6,6.04263283368238
16,316,"star","star",0,4,5.16478597392351
16,317,"stick","stick",0,4,6.20050917404269
16,319,"street","street",0,3,6.11146733950268
16,320,"sun","sun",0,10,5.59471137960184
16,322,"tree","tree",0,13,6.76849321164863
16,324,"wind","wind",0,0,5.54907608489522
17,13,"alligator","alligator",0,0,4.74493212836325
17,14,"animal","animal",0,29,5.64897423816121
17,15,"ant","ant",0,1,3.52636052461616
17,16,"bear","bear",0,3,6.25766758788264
17,17,"bee","bee",0,1,4.69134788222914
17,18,"bird","bird",0,11,6.59304453414244
17,19,"bug","bug",0,3,4.92725368515721
17,20,"bunny","bunny",0,1,6.37672694789863
17,21,"butterfly","butterfly",0,0,4.60517018598809
17,22,"cat","cat",0,10,6.93342302573071
17,24,"cow","cow",0,6,6.49677499018586
17,25,"deer","deer",0,1,4.27666611901606
17,27,"donkey","donkey",0,2,5.01727983681492
17,28,"duck","duck",1,1,6.4118182677099
17,29,"elephant","elephant",0,2,5.91889385427315
17,31,"frog","frog",0,0,5.59098698051086
17,32,"giraffe","giraffe",0,2,4.83628190695148
17,33,"goose","goose",0,1,4.31748811353631
17,35,"horse","horse",0,7,6.84374994900622
17,36,"kitty","kitty",0,0,6.08221891037645
17,37,"lamb","lamb",0,1,4.9416424226093
17,38,"lion","lion",0,3,6.00141487796115
17,39,"monkey","monkey",0,2,5.94017125272043
17,40,"moose","moose",0,0,2.30258509299405
17,41,"mouse","mouse",0,4,6.08677472691231
17,42,"owl","owl",0,0,4.40671924726425
17,43,"penguin","penguin",0,0,3.73766961828337
17,44,"pig","pig",0,2,6.00388706710654
17,45,"pony","pony",0,1,4.29045944114839
17,46,"puppy","puppy",0,2,4.82028156560504
17,47,"rooster","rooster",0,0,4.11087386417331
17,48,"sheep","sheep",0,1,5.25749537202778
17,49,"squirrel","squirrel",0,2,4.4188406077966
17,51,"tiger","tiger",0,3,6.9555926083963
17,52,"turkey","turkey",0,1,4.72738781871234
17,53,"turtle","turtle",0,0,5.49306144334055
17,54,"wolf","wolf",0,1,4.67282883446191
17,55,"zebra","zebra",0,0,4.7361984483945
17,56,"airplane","airplane",0,1,5.94542060860658
17,57,"bicycle","bicycle",0,3,4.55387689160054
17,58,"boat","boat",0,3,6.19440539110467
17,59,"bus","bus",0,3,6.20657592672493
17,60,"car","car",0,12,7.7445698093545
17,62,"helicopter","helicopter",0,1,4.47733681447821
17,63,"motorcycle","motorcycle",0,1,4.0943445622221
17,64,"sled","sled",0,0,4.02535169073515
17,65,"stroller","stroller",0,0,2.30258509299405
17,66,"tractor","tractor",0,0,5.78074351579233
17,67,"train","train",0,2,6.80682936039218
17,68,"tricycle","tricycle",0,1,3.78418963391826
17,69,"truck","truck",0,3,6.81234509417748
17,71,"balloon","balloon",0,0,5.7268477475872
17,72,"bat","bat",0,1,4.27666611901606
17,73,"block","block",0,1,5.605802066296
17,75,"bubbles","bubbles",0,0,5.07517381523383
17,76,"chalk","chalk",0,0,4.0943445622221
17,77,"crayon","crayon",0,1,4.87519732320115
17,78,"doll","doll",0,0,5.79605775076537
17,79,"game","game",0,3,6.85646198459459
17,80,"glue","glue",0,2,4.57471097850338
17,81,"pen","pen",0,4,5.91350300563827
17,82,"pencil","pencil",0,3,6.15697898558556
17,84,"present","present",0,2,5.38449506278909
17,85,"puzzle","puzzle",0,0,5.75257263882563
17,86,"story","story",0,0,7.0184017990692
17,88,"apple","apple",0,5,6.07073772800249
17,91,"beans","beans",0,1,5.06890420222023
17,92,"bread","bread",0,10,5.96870755998537
17,93,"butter","butter",0,11,6.06378520868761
17,94,"cake","cake",0,6,6.58479139238572
17,95,"candy","candy",0,5,5.52146091786225
17,96,"carrots","carrots",0,1,4.71849887129509
17,97,"cereal","cereal",0,4,5.18738580584075
17,98,"cheerios","cheerios",0,0,3.52636052461616
17,99,"cheese","cheese",0,6,6.20859002609663
17,101,"chocolate","chocolate",0,7,5.87773578177964
17,102,"coffee","coffee",0,2,6.3261494731551
17,103,"coke","coke",0,3,3.63758615972639
17,104,"cookie","cookie",0,4,5.96614673912369
17,105,"corn","corn",0,2,4.969813299576
17,106,"cracker","cracker",0,2,4.99043258677874
17,107,"donut","donut",0,0,1.09861228866811
17,109,"egg","egg",0,3,5.92692602597041
17,111,"food","food",0,37,6.41836493593621
17,115,"gum","gum",0,2,5.06259503302697
17,116,"hamburger","hamburger",0,2,4.29045944114839
17,117,"ice","ice",0,4,6.23244801655052
17,119,"jello","jello",0,1,3.85014760171006
17,120,"jelly","jelly",0,4,4.64439089914137
17,121,"juice","juice",0,2,6.98656645940643
17,122,"lollipop","lollipop",0,0,3.8286413964891
17,123,"meat","meat",0,7,5.75574221358691
17,125,"milk","milk",0,10,7.21964204013074
17,126,"muffin","muffin",0,0,3.04452243772342
17,127,"noodles","pasta",0,0,3.97029191355212
17,128,"nuts","nuts",0,1,4.00733318523247
17,131,"peas","peas",0,3,4.45434729625351
17,133,"pickle","pickle",0,0,3.73766961828337
17,134,"pizza","pizza",0,1,3.73766961828337
17,135,"popcorn","popcorn",0,1,4.36944785246702
17,138,"potato","potato",0,2,5.04342511691925
17,140,"pudding","pudding",0,1,4.14313472639153
17,141,"pumpkin","pumpkin",0,0,4.60517018598809
17,142,"raisin","raisin",0,1,2.94443897916644
17,143,"salt","salt",0,2,4.59511985013459
17,144,"sandwich","sandwich",0,5,5.64897423816121
17,145,"sauce","sauce",0,5,4.39444915467244
17,147,"soup","soup",0,9,5.4553211153577
17,148,"spaghetti","pasta",0,0,4.84418708645859
17,149,"strawberry","strawberry",0,2,4.07753744390572
17,150,"toast","toast",0,5,5.40267738187228
17,155,"yogurt","yogurt",0,0,4.35670882668959
17,156,"beads","beads",0,0,3.95124371858143
17,157,"belt","belt",0,1,4.33073334028633
17,159,"boots","boots",0,0,5.37527840768417
17,160,"button","button",0,2,5.80513496891649
17,161,"coat","coat",0,5,6.18208490671663
17,162,"diaper","diaper",0,0,5.08759633523238
17,164,"gloves","gloves",0,0,4.55387689160054
17,165,"hat","hat",0,4,6.87419849545329
17,166,"jacket","jacket",0,6,5.19295685089021
17,167,"jeans","jeans",0,3,3.29583686600433
17,168,"mittens","mittens",0,0,4.36944785246702
17,169,"necklace","necklace",0,0,3.85014760171006
17,170,"pajamas","pajamas",0,0,4.7361984483945
17,171,"pants","pants",0,7,5.99396142730657
17,173,"shirt","shirt",0,6,6.25958146406492
17,175,"shorts","shorts",0,3,3.58351893845611
17,179,"sock","sock",0,1,4.39444915467244
17,180,"sweater","sweater",0,4,4.83628190695148
17,183,"zipper","zipper",0,2,4.18965474202643
17,184,"ankle","ankle",0,1,3.04452243772342
17,185,"arm","arm",0,5,5.59098698051086
17,188,"cheek","cheek",0,1,3.78418963391826
17,189,"chin","chin",0,0,4.24849524204936
17,190,"ear","ear",0,3,5.41610040220442
17,191,"eye","eye",0,5,5.69035945432406
17,192,"face","face",0,6,6.52649485957079
17,193,"finger","finger",0,4,6.22059017009974
17,194,"foot","foot",0,9,6.30444880242198
17,195,"hair","hair",0,6,7.17395831975679
17,196,"hand","hand",0,4,7.16317239084664
17,197,"head","head",0,12,7.15617663748062
17,198,"knee","knee",0,2,5.14749447681345
17,199,"leg","leg",0,6,5.62040086571715
17,200,"lips","lips",0,1,3.73766961828337
17,201,"mouth","mouth",0,8,6.98564181763921
17,202,"nose","nose",0,6,6.7990558620588
17,205,"shoulder","shoulder",0,1,4.45434729625351
17,206,"toe","toe",0,3,4.61512051684126
17,207,"tongue","tongue",0,3,5.33753807970132
17,208,"tooth","tooth",0,0,4.4188406077966
17,209,"tummy","tummy",0,0,5.15329159449778
17,211,"basket","basket",0,0,5.27299955856375
17,212,"blanket","blanket",0,2,4.9416424226093
17,213,"bottle","bottle",0,3,5.95324333428778
17,214,"bowl","bowl",0,6,5.46383180502561
17,215,"box","box",0,7,7.20191631753163
17,216,"broom","broom",0,1,4.76217393479776
17,218,"bucket","bucket",0,1,4.77912349311153
17,219,"camera","camera",0,1,4.67282883446191
17,221,"clock","clock",0,0,5.52545293913178
17,223,"cup","cup",0,6,6.74641212857337
17,224,"dish","dish",0,4,4.51085950651685
17,225,"fork","fork",0,5,5.08140436498446
17,226,"garbage","garbage",0,2,5.19295685089021
17,227,"glass","glass",0,6,5.67675380226828
17,228,"glasses","glasses",0,1,5.17614973257383
17,229,"hammer","hammer",0,1,4.84418708645859
17,230,"jar","jar",0,5,4.07753744390572
17,231,"keys","keys",0,0,5.07517381523383
17,232,"knife","knife",0,5,4.9416424226093
17,233,"lamp","lamp",0,2,4.04305126783455
17,234,"light","light",0,5,6.34388043412633
17,235,"medicine","medicine",0,1,4.85203026391962
17,236,"money","money",0,6,6.4425401664682
17,237,"mop","mop",0,2,2.70805020110221
17,238,"nail","nails",0,0,3.95124371858143
17,239,"napkin","napkin",0,0,4.84418708645859
17,240,"paper","paper",0,10,6.97073007814353
17,241,"penny","penny",0,0,4.85981240436167
17,242,"picture","picture",0,1,6.78105762593618
17,243,"pillow","pillow",0,2,4.78749174278205
17,244,"plant","plant",0,2,4.77068462446567
17,245,"plate","plate",0,3,5.85220247977447
17,246,"purse","purse",0,0,4.30406509320417
17,247,"radio","radio",0,2,4.97673374242057
17,248,"scissors","scissors",0,0,5.25749537202778
17,249,"soap","soap",0,4,4.77912349311153
17,250,"spoon","spoon",0,8,5.9427993751267
17,251,"tape","tape",0,2,7.10824413973154
17,252,"telephone","telephone",0,0,5.6937321388027
17,254,"toothbrush","toothbrush",0,0,2.94443897916644
17,255,"towel","towel",0,1,4.92725368515721
17,256,"trash","trash",0,2,4.34380542185368
17,258,"vacuum","vacuum",0,1,4.00733318523247
17,262,"bathroom","bathroom",0,5,5.82894561761021
17,263,"bathtub","bathtub",0,1,4.88280192258637
17,264,"bed","bed",0,8,7.4770384723197
17,265,"bedroom","bedroom",0,3,5.4971682252932
17,267,"chair","chair",0,4,7.1770187659099
17,268,"closet","closet",0,3,4.7361984483945
17,269,"couch","couch",0,1,4.94875989037817
17,270,"crib","crib",0,0,4.06044301054642
17,271,"door","door",0,7,7.20711885620776
17,272,"drawer","drawer",0,1,4.71849887129509
17,273,"dryer","dryer",0,1,3.17805383034795
17,274,"garage","garage",0,0,5.15905529921453
17,276,"kitchen","kitchen",0,2,6.17378610390194
17,278,"oven","oven",0,3,4.77912349311153
17,281,"potty","potty",0,0,5.11198778835654
17,283,"refrigerator","refrigerator",0,0,5.11799381241676
17,284,"room","room",0,6,7.30653139893951
17,285,"shower","shower",0,5,4.44265125649032
17,286,"sink","sink",0,3,5.04985600724954
17,288,"stairs","stairs",0,0,5.42934562895444
17,289,"stove","stove",0,4,4.77068462446567
17,290,"table","table",0,6,7.24921505711439
17,292,"window","window",0,3,6.24997524225948
17,294,"backyard","yard",0,1,3.29583686600433
17,295,"cloud","cloud",0,2,3.17805383034795
17,296,"flag","flag",0,0,3.85014760171006
17,297,"flower","flower",0,5,5.21493575760899
17,298,"garden","garden",0,4,5.33753807970132
17,299,"grass","grass",0,3,5.41164605185504
17,300,"hose","hose",0,3,4.00733318523247
17,301,"ladder","ladder",0,1,4.96284463025991
17,303,"moon","moon",0,3,5.11799381241676
17,304,"pool","pool",0,0,5.00394630594546
17,305,"rain","rain",0,7,5.21493575760899
17,307,"roof","roof",0,1,5.09375020080676
17,308,"sandbox","sandbox",0,0,2.94443897916644
17,309,"shovel","shovel",0,0,4.35670882668959
17,310,"sidewalk","sidewalk",0,0,3.58351893845611
17,311,"sky","sky",0,6,5.14749447681345
17,313,"snow","snow",0,6,6.04263283368238
17,316,"star","star",0,4,5.16478597392351
17,317,"stick","stick",0,4,6.20050917404269
17,319,"street","street",0,3,6.11146733950268
17,320,"sun","sun",0,10,5.59471137960184
17,322,"tree","tree",0,13,6.76849321164863
17,324,"wind","wind",0,0,5.54907608489522
18,13,"alligator","alligator",0,0,4.74493212836325
18,14,"animal","animal",0,29,5.64897423816121
18,15,"ant","ant",0,1,3.52636052461616
18,16,"bear","bear",1,3,6.25766758788264
18,17,"bee","bee",0,1,4.69134788222914
18,18,"bird","bird",1,11,6.59304453414244
18,19,"bug","bug",0,3,4.92725368515721
18,20,"bunny","bunny",0,1,6.37672694789863
18,21,"butterfly","butterfly",0,0,4.60517018598809
18,22,"cat","cat",1,10,6.93342302573071
18,24,"cow","cow",0,6,6.49677499018586
18,25,"deer","deer",0,1,4.27666611901606
18,27,"donkey","donkey",0,2,5.01727983681492
18,29,"elephant","elephant",0,2,5.91889385427315
18,31,"frog","frog",0,0,5.59098698051086
18,32,"giraffe","giraffe",0,2,4.83628190695148
18,33,"goose","goose",0,1,4.31748811353631
18,35,"horse","horse",0,7,6.84374994900622
18,36,"kitty","kitty",1,0,6.08221891037645
18,37,"lamb","lamb",0,1,4.9416424226093
18,38,"lion","lion",0,3,6.00141487796115
18,39,"monkey","monkey",0,2,5.94017125272043
18,40,"moose","moose",0,0,2.30258509299405
18,41,"mouse","mouse",0,4,6.08677472691231
18,42,"owl","owl",0,0,4.40671924726425
18,43,"penguin","penguin",0,0,3.73766961828337
18,44,"pig","pig",0,2,6.00388706710654
18,45,"pony","pony",0,1,4.29045944114839
18,46,"puppy","puppy",0,2,4.82028156560504
18,47,"rooster","rooster",0,0,4.11087386417331
18,48,"sheep","sheep",0,1,5.25749537202778
18,49,"squirrel","squirrel",0,2,4.4188406077966
18,51,"tiger","tiger",0,3,6.9555926083963
18,52,"turkey","turkey",0,1,4.72738781871234
18,53,"turtle","turtle",0,0,5.49306144334055
18,54,"wolf","wolf",0,1,4.67282883446191
18,55,"zebra","zebra",0,0,4.7361984483945
18,56,"airplane","airplane",0,1,5.94542060860658
18,57,"bicycle","bicycle",0,3,4.55387689160054
18,58,"boat","boat",0,3,6.19440539110467
18,59,"bus","bus",0,3,6.20657592672493
18,60,"car","car",1,12,7.7445698093545
18,62,"helicopter","helicopter",0,1,4.47733681447821
18,63,"motorcycle","motorcycle",0,1,4.0943445622221
18,64,"sled","sled",0,0,4.02535169073515
18,65,"stroller","stroller",0,0,2.30258509299405
18,66,"tractor","tractor",0,0,5.78074351579233
18,67,"train","train",0,2,6.80682936039218
18,68,"tricycle","tricycle",0,1,3.78418963391826
18,69,"truck","truck",1,3,6.81234509417748
18,71,"balloon","balloon",1,0,5.7268477475872
18,72,"bat","bat",0,1,4.27666611901606
18,73,"block","block",0,1,5.605802066296
18,75,"bubbles","bubbles",1,0,5.07517381523383
18,76,"chalk","chalk",0,0,4.0943445622221
18,77,"crayon","crayon",0,1,4.87519732320115
18,78,"doll","doll",0,0,5.79605775076537
18,79,"game","game",0,3,6.85646198459459
18,80,"glue","glue",0,2,4.57471097850338
18,81,"pen","pen",0,4,5.91350300563827
18,82,"pencil","pencil",0,3,6.15697898558556
18,84,"present","present",0,2,5.38449506278909
18,85,"puzzle","puzzle",0,0,5.75257263882563
18,86,"story","story",0,0,7.0184017990692
18,88,"apple","apple",1,5,6.07073772800249
18,91,"beans","beans",0,1,5.06890420222023
18,92,"bread","bread",0,10,5.96870755998537
18,93,"butter","butter",0,11,6.06378520868761
18,94,"cake","cake",0,6,6.58479139238572
18,95,"candy","candy",0,5,5.52146091786225
18,96,"carrots","carrots",0,1,4.71849887129509
18,97,"cereal","cereal",0,4,5.18738580584075
18,98,"cheerios","cheerios",0,0,3.52636052461616
18,99,"cheese","cheese",1,6,6.20859002609663
18,101,"chocolate","chocolate",0,7,5.87773578177964
18,102,"coffee","coffee",0,2,6.3261494731551
18,103,"coke","coke",0,3,3.63758615972639
18,104,"cookie","cookie",1,4,5.96614673912369
18,105,"corn","corn",0,2,4.969813299576
18,106,"cracker","cracker",0,2,4.99043258677874
18,107,"donut","donut",0,0,1.09861228866811
18,109,"egg","egg",0,3,5.92692602597041
18,111,"food","food",0,37,6.41836493593621
18,115,"gum","gum",0,2,5.06259503302697
18,116,"hamburger","hamburger",0,2,4.29045944114839
18,117,"ice","ice",0,4,6.23244801655052
18,119,"jello","jello",0,1,3.85014760171006
18,120,"jelly","jelly",0,4,4.64439089914137
18,121,"juice","juice",1,2,6.98656645940643
18,122,"lollipop","lollipop",0,0,3.8286413964891
18,123,"meat","meat",0,7,5.75574221358691
18,125,"milk","milk",1,10,7.21964204013074
18,126,"muffin","muffin",0,0,3.04452243772342
18,127,"noodles","pasta",0,0,3.97029191355212
18,128,"nuts","nuts",0,1,4.00733318523247
18,131,"peas","peas",0,3,4.45434729625351
18,133,"pickle","pickle",0,0,3.73766961828337
18,134,"pizza","pizza",0,1,3.73766961828337
18,135,"popcorn","popcorn",0,1,4.36944785246702
18,138,"potato","potato",0,2,5.04342511691925
18,140,"pudding","pudding",0,1,4.14313472639153
18,141,"pumpkin","pumpkin",0,0,4.60517018598809
18,142,"raisin","raisin",0,1,2.94443897916644
18,143,"salt","salt",0,2,4.59511985013459
18,144,"sandwich","sandwich",0,5,5.64897423816121
18,145,"sauce","sauce",0,5,4.39444915467244
18,147,"soup","soup",0,9,5.4553211153577
18,148,"spaghetti","pasta",0,0,4.84418708645859
18,149,"strawberry","strawberry",0,2,4.07753744390572
18,150,"toast","toast",0,5,5.40267738187228
18,155,"yogurt","yogurt",0,0,4.35670882668959
18,156,"beads","beads",0,0,3.95124371858143
18,157,"belt","belt",0,1,4.33073334028633
18,159,"boots","boots",0,0,5.37527840768417
18,160,"button","button",0,2,5.80513496891649
18,161,"coat","coat",0,5,6.18208490671663
18,162,"diaper","diaper",0,0,5.08759633523238
18,164,"gloves","gloves",0,0,4.55387689160054
18,165,"hat","hat",1,4,6.87419849545329
18,166,"jacket","jacket",0,6,5.19295685089021
18,167,"jeans","jeans",0,3,3.29583686600433
18,168,"mittens","mittens",0,0,4.36944785246702
18,169,"necklace","necklace",0,0,3.85014760171006
18,170,"pajamas","pajamas",0,0,4.7361984483945
18,171,"pants","pants",0,7,5.99396142730657
18,173,"shirt","shirt",0,6,6.25958146406492
18,175,"shorts","shorts",0,3,3.58351893845611
18,179,"sock","sock",0,1,4.39444915467244
18,180,"sweater","sweater",0,4,4.83628190695148
18,183,"zipper","zipper",0,2,4.18965474202643
18,184,"ankle","ankle",0,1,3.04452243772342
18,185,"arm","arm",0,5,5.59098698051086
18,188,"cheek","cheek",0,1,3.78418963391826
18,189,"chin","chin",0,0,4.24849524204936
18,190,"ear","ear",1,3,5.41610040220442
18,191,"eye","eye",1,5,5.69035945432406
18,192,"face","face",0,6,6.52649485957079
18,193,"finger","finger",0,4,6.22059017009974
18,194,"foot","foot",0,9,6.30444880242198
18,195,"hair","hair",0,6,7.17395831975679
18,196,"hand","hand",0,4,7.16317239084664
18,197,"head","head",0,12,7.15617663748062
18,198,"knee","knee",0,2,5.14749447681345
18,199,"leg","leg",0,6,5.62040086571715
18,200,"lips","lips",0,1,3.73766961828337
18,201,"mouth","mouth",0,8,6.98564181763921
18,202,"nose","nose",1,6,6.7990558620588
18,205,"shoulder","shoulder",0,1,4.45434729625351
18,206,"toe","toe",0,3,4.61512051684126
18,207,"tongue","tongue",0,3,5.33753807970132
18,208,"tooth","tooth",0,0,4.4188406077966
18,209,"tummy","tummy",0,0,5.15329159449778
18,211,"basket","basket",0,0,5.27299955856375
18,212,"blanket","blanket",0,2,4.9416424226093
18,213,"bottle","bottle",0,3,5.95324333428778
18,214,"bowl","bowl",0,6,5.46383180502561
18,215,"box","box",0,7,7.20191631753163
18,216,"broom","broom",0,1,4.76217393479776
18,218,"bucket","bucket",0,1,4.77912349311153
18,219,"camera","camera",0,1,4.67282883446191
18,221,"clock","clock",0,0,5.52545293913178
18,223,"cup","cup",0,6,6.74641212857337
18,224,"dish","dish",0,4,4.51085950651685
18,225,"fork","fork",0,5,5.08140436498446
18,226,"garbage","garbage",0,2,5.19295685089021
18,227,"glass","glass",0,6,5.67675380226828
18,228,"glasses","glasses",0,1,5.17614973257383
18,229,"hammer","hammer",0,1,4.84418708645859
18,230,"jar","jar",0,5,4.07753744390572
18,231,"keys","keys",0,0,5.07517381523383
18,232,"knife","knife",0,5,4.9416424226093
18,233,"lamp","lamp",0,2,4.04305126783455
18,234,"light","light",0,5,6.34388043412633
18,235,"medicine","medicine",0,1,4.85203026391962
18,236,"money","money",0,6,6.4425401664682
18,237,"mop","mop",0,2,2.70805020110221
18,238,"nail","nails",0,0,3.95124371858143
18,239,"napkin","napkin",0,0,4.84418708645859
18,240,"paper","paper",0,10,6.97073007814353
18,241,"penny","penny",0,0,4.85981240436167
18,242,"picture","picture",0,1,6.78105762593618
18,243,"pillow","pillow",0,2,4.78749174278205
18,244,"plant","plant",0,2,4.77068462446567
18,245,"plate","plate",0,3,5.85220247977447
18,246,"purse","purse",0,0,4.30406509320417
18,247,"radio","radio",0,2,4.97673374242057
18,248,"scissors","scissors",0,0,5.25749537202778
18,249,"soap","soap",0,4,4.77912349311153
18,250,"spoon","spoon",0,8,5.9427993751267
18,251,"tape","tape",0,2,7.10824413973154
18,252,"telephone","telephone",0,0,5.6937321388027
18,254,"toothbrush","toothbrush",0,0,2.94443897916644
18,255,"towel","towel",0,1,4.92725368515721
18,256,"trash","trash",0,2,4.34380542185368
18,258,"vacuum","vacuum",0,1,4.00733318523247
18,262,"bathroom","bathroom",0,5,5.82894561761021
18,263,"bathtub","bathtub",0,1,4.88280192258637
18,264,"bed","bed",0,8,7.4770384723197
18,265,"bedroom","bedroom",0,3,5.4971682252932
18,267,"chair","chair",0,4,7.1770187659099
18,268,"closet","closet",0,3,4.7361984483945
18,269,"couch","couch",0,1,4.94875989037817
18,270,"crib","crib",0,0,4.06044301054642
18,271,"door","door",0,7,7.20711885620776
18,272,"drawer","drawer",0,1,4.71849887129509
18,273,"dryer","dryer",0,1,3.17805383034795
18,274,"garage","garage",0,0,5.15905529921453
18,276,"kitchen","kitchen",0,2,6.17378610390194
18,278,"oven","oven",0,3,4.77912349311153
18,281,"potty","potty",0,0,5.11198778835654
18,283,"refrigerator","refrigerator",0,0,5.11799381241676
18,284,"room","room",0,6,7.30653139893951
18,285,"shower","shower",0,5,4.44265125649032
18,286,"sink","sink",0,3,5.04985600724954
18,288,"stairs","stairs",0,0,5.42934562895444
18,289,"stove","stove",0,4,4.77068462446567
18,290,"table","table",0,6,7.24921505711439
18,292,"window","window",0,3,6.24997524225948
18,294,"backyard","yard",0,1,3.29583686600433
18,295,"cloud","cloud",0,2,3.17805383034795
18,296,"flag","flag",0,0,3.85014760171006
18,297,"flower","flower",0,5,5.21493575760899
18,298,"garden","garden",0,4,5.33753807970132
18,299,"grass","grass",0,3,5.41164605185504
18,300,"hose","hose",0,3,4.00733318523247
18,301,"ladder","ladder",0,1,4.96284463025991
18,303,"moon","moon",0,3,5.11799381241676
18,304,"pool","pool",0,0,5.00394630594546
18,305,"rain","rain",0,7,5.21493575760899
18,307,"roof","roof",0,1,5.09375020080676
18,308,"sandbox","sandbox",0,0,2.94443897916644
18,309,"shovel","shovel",0,0,4.35670882668959
18,310,"sidewalk","sidewalk",0,0,3.58351893845611
18,311,"sky","sky",0,6,5.14749447681345
18,313,"snow","snow",0,6,6.04263283368238
18,316,"star","star",0,4,5.16478597392351
18,317,"stick","stick",0,4,6.20050917404269
18,319,"street","street",0,3,6.11146733950268
18,320,"sun","sun",0,10,5.59471137960184
18,322,"tree","tree",0,13,6.76849321164863
18,324,"wind","wind",0,0,5.54907608489522
19,13,"alligator","alligator",0,0,4.74493212836325
19,14,"animal","animal",0,29,5.64897423816121
19,15,"ant","ant",0,1,3.52636052461616
19,17,"bee","bee",0,1,4.69134788222914
19,19,"bug","bug",0,3,4.92725368515721
19,20,"bunny","bunny",0,1,6.37672694789863
19,21,"butterfly","butterfly",0,0,4.60517018598809
19,24,"cow","cow",1,6,6.49677499018586
19,25,"deer","deer",0,1,4.27666611901606
19,27,"donkey","donkey",0,2,5.01727983681492
19,29,"elephant","elephant",0,2,5.91889385427315
19,31,"frog","frog",0,0,5.59098698051086
19,32,"giraffe","giraffe",0,2,4.83628190695148
19,33,"goose","goose",0,1,4.31748811353631
19,35,"horse","horse",0,7,6.84374994900622
19,37,"lamb","lamb",0,1,4.9416424226093
19,38,"lion","lion",0,3,6.00141487796115
19,39,"monkey","monkey",0,2,5.94017125272043
19,40,"moose","moose",0,0,2.30258509299405
19,41,"mouse","mouse",0,4,6.08677472691231
19,42,"owl","owl",0,0,4.40671924726425
19,43,"penguin","penguin",0,0,3.73766961828337
19,44,"pig","pig",0,2,6.00388706710654
19,45,"pony","pony",0,1,4.29045944114839
19,46,"puppy","puppy",0,2,4.82028156560504
19,47,"rooster","rooster",0,0,4.11087386417331
19,48,"sheep","sheep",0,1,5.25749537202778
19,49,"squirrel","squirrel",0,2,4.4188406077966
19,51,"tiger","tiger",0,3,6.9555926083963
19,52,"turkey","turkey",0,1,4.72738781871234
19,53,"turtle","turtle",0,0,5.49306144334055
19,54,"wolf","wolf",0,1,4.67282883446191
19,55,"zebra","zebra",0,0,4.7361984483945
19,56,"airplane","airplane",0,1,5.94542060860658
19,57,"bicycle","bicycle",0,3,4.55387689160054
19,58,"boat","boat",0,3,6.19440539110467
19,59,"bus","bus",0,3,6.20657592672493
19,62,"helicopter","helicopter",0,1,4.47733681447821
19,63,"motorcycle","motorcycle",0,1,4.0943445622221
19,64,"sled","sled",0,0,4.02535169073515
19,65,"stroller","stroller",0,0,2.30258509299405
19,66,"tractor","tractor",0,0,5.78074351579233
19,67,"train","train",0,2,6.80682936039218
19,68,"tricycle","tricycle",0,1,3.78418963391826
19,72,"bat","bat",0,1,4.27666611901606
19,73,"block","block",0,1,5.605802066296
19,76,"chalk","chalk",0,0,4.0943445622221
19,77,"crayon","crayon",0,1,4.87519732320115
19,78,"doll","doll",0,0,5.79605775076537
19,79,"game","game",0,3,6.85646198459459
19,80,"glue","glue",0,2,4.57471097850338
19,81,"pen","pen",0,4,5.91350300563827
19,82,"pencil","pencil",0,3,6.15697898558556
19,84,"present","present",0,2,5.38449506278909
19,85,"puzzle","puzzle",0,0,5.75257263882563
19,86,"story","story",0,0,7.0184017990692
19,91,"beans","beans",0,1,5.06890420222023
19,92,"bread","bread",0,10,5.96870755998537
19,93,"butter","butter",0,11,6.06378520868761
19,94,"cake","cake",0,6,6.58479139238572
19,95,"candy","candy",0,5,5.52146091786225
19,96,"carrots","carrots",0,1,4.71849887129509
19,97,"cereal","cereal",0,4,5.18738580584075
19,98,"cheerios","cheerios",0,0,3.52636052461616
19,101,"chocolate","chocolate",0,7,5.87773578177964
19,102,"coffee","coffee",0,2,6.3261494731551
19,103,"coke","coke",0,3,3.63758615972639
19,105,"corn","corn",0,2,4.969813299576
19,106,"cracker","cracker",1,2,4.99043258677874
19,107,"donut","donut",0,0,1.09861228866811
19,109,"egg","egg",0,3,5.92692602597041
19,111,"food","food",0,37,6.41836493593621
19,115,"gum","gum",0,2,5.06259503302697
19,116,"hamburger","hamburger",0,2,4.29045944114839
19,117,"ice","ice",0,4,6.23244801655052
19,119,"jello","jello",0,1,3.85014760171006
19,120,"jelly","jelly",0,4,4.64439089914137
19,122,"lollipop","lollipop",0,0,3.8286413964891
19,123,"meat","meat",0,7,5.75574221358691
19,126,"muffin","muffin",0,0,3.04452243772342
19,127,"noodles","pasta",0,0,3.97029191355212
19,128,"nuts","nuts",0,1,4.00733318523247
19,131,"peas","peas",0,3,4.45434729625351
19,133,"pickle","pickle",0,0,3.73766961828337
19,134,"pizza","pizza",0,1,3.73766961828337
19,135,"popcorn","popcorn",0,1,4.36944785246702
19,138,"potato","potato",0,2,5.04342511691925
19,140,"pudding","pudding",0,1,4.14313472639153
19,141,"pumpkin","pumpkin",0,0,4.60517018598809
19,142,"raisin","raisin",0,1,2.94443897916644
19,143,"salt","salt",0,2,4.59511985013459
19,144,"sandwich","sandwich",0,5,5.64897423816121
19,145,"sauce","sauce",0,5,4.39444915467244
19,147,"soup","soup",0,9,5.4553211153577
19,148,"spaghetti","pasta",0,0,4.84418708645859
19,149,"strawberry","strawberry",0,2,4.07753744390572
19,150,"toast","toast",0,5,5.40267738187228
19,155,"yogurt","yogurt",0,0,4.35670882668959
19,156,"beads","beads",0,0,3.95124371858143
19,157,"belt","belt",0,1,4.33073334028633
19,159,"boots","boots",0,0,5.37527840768417
19,160,"button","button",0,2,5.80513496891649
19,161,"coat","coat",0,5,6.18208490671663
19,162,"diaper","diaper",1,0,5.08759633523238
19,164,"gloves","gloves",0,0,4.55387689160054
19,166,"jacket","jacket",0,6,5.19295685089021
19,167,"jeans","jeans",0,3,3.29583686600433
19,168,"mittens","mittens",0,0,4.36944785246702
19,169,"necklace","necklace",0,0,3.85014760171006
19,170,"pajamas","pajamas",0,0,4.7361984483945
19,171,"pants","pants",0,7,5.99396142730657
19,173,"shirt","shirt",0,6,6.25958146406492
19,175,"shorts","shorts",0,3,3.58351893845611
19,179,"sock","sock",0,1,4.39444915467244
19,180,"sweater","sweater",0,4,4.83628190695148
19,183,"zipper","zipper",0,2,4.18965474202643
19,184,"ankle","ankle",0,1,3.04452243772342
19,185,"arm","arm",0,5,5.59098698051086
19,188,"cheek","cheek",0,1,3.78418963391826
19,189,"chin","chin",0,0,4.24849524204936
19,192,"face","face",0,6,6.52649485957079
19,193,"finger","finger",0,4,6.22059017009974
19,194,"foot","foot",0,9,6.30444880242198
19,195,"hair","hair",1,6,7.17395831975679
19,196,"hand","hand",0,4,7.16317239084664
19,197,"head","head",0,12,7.15617663748062
19,198,"knee","knee",0,2,5.14749447681345
19,199,"leg","leg",0,6,5.62040086571715
19,200,"lips","lips",0,1,3.73766961828337
19,201,"mouth","mouth",1,8,6.98564181763921
19,205,"shoulder","shoulder",0,1,4.45434729625351
19,206,"toe","toe",0,3,4.61512051684126
19,207,"tongue","tongue",0,3,5.33753807970132
19,208,"tooth","tooth",0,0,4.4188406077966
19,209,"tummy","tummy",0,0,5.15329159449778
19,211,"basket","basket",0,0,5.27299955856375
19,212,"blanket","blanket",0,2,4.9416424226093
19,213,"bottle","bottle",1,3,5.95324333428778
19,214,"bowl","bowl",0,6,5.46383180502561
19,215,"box","box",0,7,7.20191631753163
19,216,"broom","broom",0,1,4.76217393479776
19,218,"bucket","bucket",0,1,4.77912349311153
19,219,"camera","camera",0,1,4.67282883446191
19,221,"clock","clock",0,0,5.52545293913178
19,223,"cup","cup",1,6,6.74641212857337
19,224,"dish","dish",0,4,4.51085950651685
19,225,"fork","fork",0,5,5.08140436498446
19,226,"garbage","garbage",0,2,5.19295685089021
19,227,"glass","glass",0,6,5.67675380226828
19,228,"glasses","glasses",0,1,5.17614973257383
19,229,"hammer","hammer",0,1,4.84418708645859
19,230,"jar","jar",0,5,4.07753744390572
19,231,"keys","keys",0,0,5.07517381523383
19,232,"knife","knife",0,5,4.9416424226093
19,233,"lamp","lamp",0,2,4.04305126783455
19,234,"light","light",0,5,6.34388043412633
19,235,"medicine","medicine",0,1,4.85203026391962
19,236,"money","money",0,6,6.4425401664682
19,237,"mop","mop",0,2,2.70805020110221
19,238,"nail","nails",0,0,3.95124371858143
19,239,"napkin","napkin",0,0,4.84418708645859
19,240,"paper","paper",0,10,6.97073007814353
19,241,"penny","penny",0,0,4.85981240436167
19,242,"picture","picture",0,1,6.78105762593618
19,243,"pillow","pillow",0,2,4.78749174278205
19,244,"plant","plant",0,2,4.77068462446567
19,245,"plate","plate",0,3,5.85220247977447
19,246,"purse","purse",0,0,4.30406509320417
19,247,"radio","radio",0,2,4.97673374242057
19,248,"scissors","scissors",0,0,5.25749537202778
19,249,"soap","soap",0,4,4.77912349311153
19,250,"spoon","spoon",1,8,5.9427993751267
19,251,"tape","tape",0,2,7.10824413973154
19,252,"telephone","telephone",0,0,5.6937321388027
19,254,"toothbrush","toothbrush",0,0,2.94443897916644
19,255,"towel","towel",0,1,4.92725368515721
19,256,"trash","trash",0,2,4.34380542185368
19,258,"vacuum","vacuum",0,1,4.00733318523247
19,262,"bathroom","bathroom",0,5,5.82894561761021
19,263,"bathtub","bathtub",0,1,4.88280192258637
19,264,"bed","bed",0,8,7.4770384723197
19,265,"bedroom","bedroom",0,3,5.4971682252932
19,267,"chair","chair",0,4,7.1770187659099
19,268,"closet","closet",0,3,4.7361984483945
19,269,"couch","couch",0,1,4.94875989037817
19,270,"crib","crib",0,0,4.06044301054642
19,271,"door","door",0,7,7.20711885620776
19,272,"drawer","drawer",0,1,4.71849887129509
19,273,"dryer","dryer",0,1,3.17805383034795
19,274,"garage","garage",0,0,5.15905529921453
19,276,"kitchen","kitchen",0,2,6.17378610390194
19,278,"oven","oven",0,3,4.77912349311153
19,281,"potty","potty",0,0,5.11198778835654
19,283,"refrigerator","refrigerator",0,0,5.11799381241676
19,284,"room","room",0,6,7.30653139893951
19,285,"shower","shower",0,5,4.44265125649032
19,286,"sink","sink",0,3,5.04985600724954
19,288,"stairs","stairs",0,0,5.42934562895444
19,289,"stove","stove",0,4,4.77068462446567
19,290,"table","table",0,6,7.24921505711439
19,292,"window","window",0,3,6.24997524225948
19,294,"backyard","yard",0,1,3.29583686600433
19,295,"cloud","cloud",0,2,3.17805383034795
19,296,"flag","flag",0,0,3.85014760171006
19,297,"flower","flower",1,5,5.21493575760899
19,298,"garden","garden",0,4,5.33753807970132
19,299,"grass","grass",0,3,5.41164605185504
19,300,"hose","hose",0,3,4.00733318523247
19,301,"ladder","ladder",0,1,4.96284463025991
19,303,"moon","moon",0,3,5.11799381241676
19,304,"pool","pool",0,0,5.00394630594546
19,305,"rain","rain",0,7,5.21493575760899
19,307,"roof","roof",0,1,5.09375020080676
19,308,"sandbox","sandbox",0,0,2.94443897916644
19,309,"shovel","shovel",0,0,4.35670882668959
19,310,"sidewalk","sidewalk",0,0,3.58351893845611
19,311,"sky","sky",0,6,5.14749447681345
19,313,"snow","snow",0,6,6.04263283368238
19,316,"star","star",0,4,5.16478597392351
19,317,"stick","stick",0,4,6.20050917404269
19,319,"street","street",0,3,6.11146733950268
19,320,"sun","sun",0,10,5.59471137960184
19,322,"tree","tree",0,13,6.76849321164863
19,324,"wind","wind",0,0,5.54907608489522
20,13,"alligator","alligator",0,0,4.74493212836325
20,14,"animal","animal",0,29,5.64897423816121
20,15,"ant","ant",0,1,3.52636052461616
20,17,"bee","bee",0,1,4.69134788222914
20,19,"bug","bug",0,3,4.92725368515721
20,20,"bunny","bunny",1,1,6.37672694789863
20,21,"butterfly","butterfly",0,0,4.60517018598809
20,25,"deer","deer",0,1,4.27666611901606
20,27,"donkey","donkey",0,2,5.01727983681492
20,29,"elephant","elephant",0,2,5.91889385427315
20,31,"frog","frog",0,0,5.59098698051086
20,32,"giraffe","giraffe",0,2,4.83628190695148
20,33,"goose","goose",0,1,4.31748811353631
20,35,"horse","horse",0,7,6.84374994900622
20,37,"lamb","lamb",0,1,4.9416424226093
20,38,"lion","lion",0,3,6.00141487796115
20,39,"monkey","monkey",0,2,5.94017125272043
20,40,"moose","moose",0,0,2.30258509299405
20,41,"mouse","mouse",0,4,6.08677472691231
20,42,"owl","owl",0,0,4.40671924726425
20,43,"penguin","penguin",0,0,3.73766961828337
20,44,"pig","pig",0,2,6.00388706710654
20,45,"pony","pony",0,1,4.29045944114839
20,46,"puppy","puppy",0,2,4.82028156560504
20,47,"rooster","rooster",0,0,4.11087386417331
20,48,"sheep","sheep",0,1,5.25749537202778
20,49,"squirrel","squirrel",0,2,4.4188406077966
20,51,"tiger","tiger",0,3,6.9555926083963
20,52,"turkey","turkey",0,1,4.72738781871234
20,53,"turtle","turtle",0,0,5.49306144334055
20,54,"wolf","wolf",0,1,4.67282883446191
20,55,"zebra","zebra",0,0,4.7361984483945
20,56,"airplane","airplane",1,1,5.94542060860658
20,57,"bicycle","bicycle",0,3,4.55387689160054
20,58,"boat","boat",1,3,6.19440539110467
20,59,"bus","bus",0,3,6.20657592672493
20,62,"helicopter","helicopter",0,1,4.47733681447821
20,63,"motorcycle","motorcycle",0,1,4.0943445622221
20,64,"sled","sled",0,0,4.02535169073515
20,65,"stroller","stroller",0,0,2.30258509299405
20,66,"tractor","tractor",0,0,5.78074351579233
20,67,"train","train",0,2,6.80682936039218
20,68,"tricycle","tricycle",0,1,3.78418963391826
20,72,"bat","bat",0,1,4.27666611901606
20,73,"block","block",0,1,5.605802066296
20,76,"chalk","chalk",0,0,4.0943445622221
20,77,"crayon","crayon",0,1,4.87519732320115
20,78,"doll","doll",0,0,5.79605775076537
20,79,"game","game",0,3,6.85646198459459
20,80,"glue","glue",0,2,4.57471097850338
20,81,"pen","pen",0,4,5.91350300563827
20,82,"pencil","pencil",0,3,6.15697898558556
20,84,"present","present",0,2,5.38449506278909
20,85,"puzzle","puzzle",0,0,5.75257263882563
20,86,"story","story",0,0,7.0184017990692
20,91,"beans","beans",0,1,5.06890420222023
20,92,"bread","bread",0,10,5.96870755998537
20,93,"butter","butter",0,11,6.06378520868761
20,94,"cake","cake",0,6,6.58479139238572
20,95,"candy","candy",0,5,5.52146091786225
20,96,"carrots","carrots",0,1,4.71849887129509
20,97,"cereal","cereal",0,4,5.18738580584075
20,98,"cheerios","cheerios",0,0,3.52636052461616
20,101,"chocolate","chocolate",0,7,5.87773578177964
20,102,"coffee","coffee",0,2,6.3261494731551
20,103,"coke","coke",0,3,3.63758615972639
20,105,"corn","corn",0,2,4.969813299576
20,107,"donut","donut",0,0,1.09861228866811
20,109,"egg","egg",0,3,5.92692602597041
20,111,"food","food",0,37,6.41836493593621
20,115,"gum","gum",0,2,5.06259503302697
20,116,"hamburger","hamburger",0,2,4.29045944114839
20,117,"ice","ice",0,4,6.23244801655052
20,119,"jello","jello",0,1,3.85014760171006
20,120,"jelly","jelly",0,4,4.64439089914137
20,122,"lollipop","lollipop",0,0,3.8286413964891
20,123,"meat","meat",0,7,5.75574221358691
20,126,"muffin","muffin",0,0,3.04452243772342
20,127,"noodles","pasta",0,0,3.97029191355212
20,128,"nuts","nuts",0,1,4.00733318523247
20,131,"peas","peas",0,3,4.45434729625351
20,133,"pickle","pickle",0,0,3.73766961828337
20,134,"pizza","pizza",0,1,3.73766961828337
20,135,"popcorn","popcorn",0,1,4.36944785246702
20,138,"potato","potato",0,2,5.04342511691925
20,140,"pudding","pudding",0,1,4.14313472639153
20,141,"pumpkin","pumpkin",0,0,4.60517018598809
20,142,"raisin","raisin",0,1,2.94443897916644
20,143,"salt","salt",0,2,4.59511985013459
20,144,"sandwich","sandwich",0,5,5.64897423816121
20,145,"sauce","sauce",0,5,4.39444915467244
20,147,"soup","soup",0,9,5.4553211153577
20,148,"spaghetti","pasta",0,0,4.84418708645859
20,149,"strawberry","strawberry",0,2,4.07753744390572
20,150,"toast","toast",0,5,5.40267738187228
20,155,"yogurt","yogurt",0,0,4.35670882668959
20,156,"beads","beads",0,0,3.95124371858143
20,157,"belt","belt",0,1,4.33073334028633
20,159,"boots","boots",0,0,5.37527840768417
20,160,"button","button",0,2,5.80513496891649
20,161,"coat","coat",0,5,6.18208490671663
20,164,"gloves","gloves",0,0,4.55387689160054
20,166,"jacket","jacket",0,6,5.19295685089021
20,167,"jeans","jeans",0,3,3.29583686600433
20,168,"mittens","mittens",0,0,4.36944785246702
20,169,"necklace","necklace",0,0,3.85014760171006
20,170,"pajamas","pajamas",0,0,4.7361984483945
20,171,"pants","pants",0,7,5.99396142730657
20,173,"shirt","shirt",0,6,6.25958146406492
20,175,"shorts","shorts",0,3,3.58351893845611
20,179,"sock","sock",0,1,4.39444915467244
20,180,"sweater","sweater",0,4,4.83628190695148
20,183,"zipper","zipper",0,2,4.18965474202643
20,184,"ankle","ankle",0,1,3.04452243772342
20,185,"arm","arm",0,5,5.59098698051086
20,188,"cheek","cheek",0,1,3.78418963391826
20,189,"chin","chin",0,0,4.24849524204936
20,192,"face","face",0,6,6.52649485957079
20,193,"finger","finger",0,4,6.22059017009974
20,194,"foot","foot",0,9,6.30444880242198
20,196,"hand","hand",0,4,7.16317239084664
20,197,"head","head",0,12,7.15617663748062
20,198,"knee","knee",0,2,5.14749447681345
20,199,"leg","leg",0,6,5.62040086571715
20,200,"lips","lips",0,1,3.73766961828337
20,205,"shoulder","shoulder",0,1,4.45434729625351
20,206,"toe","toe",0,3,4.61512051684126
20,207,"tongue","tongue",0,3,5.33753807970132
20,208,"tooth","tooth",0,0,4.4188406077966
20,209,"tummy","tummy",0,0,5.15329159449778
20,211,"basket","basket",0,0,5.27299955856375
20,212,"blanket","blanket",1,2,4.9416424226093
20,214,"bowl","bowl",0,6,5.46383180502561
20,215,"box","box",0,7,7.20191631753163
20,216,"broom","broom",0,1,4.76217393479776
20,218,"bucket","bucket",0,1,4.77912349311153
20,219,"camera","camera",0,1,4.67282883446191
20,221,"clock","clock",0,0,5.52545293913178
20,224,"dish","dish",0,4,4.51085950651685
20,225,"fork","fork",0,5,5.08140436498446
20,226,"garbage","garbage",0,2,5.19295685089021
20,227,"glass","glass",0,6,5.67675380226828
20,228,"glasses","glasses",0,1,5.17614973257383
20,229,"hammer","hammer",0,1,4.84418708645859
20,230,"jar","jar",0,5,4.07753744390572
20,231,"keys","keys",0,0,5.07517381523383
20,232,"knife","knife",0,5,4.9416424226093
20,233,"lamp","lamp",0,2,4.04305126783455
20,234,"light","light",1,5,6.34388043412633
20,235,"medicine","medicine",0,1,4.85203026391962
20,236,"money","money",0,6,6.4425401664682
20,237,"mop","mop",0,2,2.70805020110221
20,238,"nail","nails",0,0,3.95124371858143
20,239,"napkin","napkin",0,0,4.84418708645859
20,240,"paper","paper",0,10,6.97073007814353
20,241,"penny","penny",0,0,4.85981240436167
20,242,"picture","picture",0,1,6.78105762593618
20,243,"pillow","pillow",0,2,4.78749174278205
20,244,"plant","plant",0,2,4.77068462446567
20,245,"plate","plate",0,3,5.85220247977447
20,246,"purse","purse",0,0,4.30406509320417
20,247,"radio","radio",0,2,4.97673374242057
20,248,"scissors","scissors",0,0,5.25749537202778
20,249,"soap","soap",0,4,4.77912349311153
20,251,"tape","tape",0,2,7.10824413973154
20,252,"telephone","telephone",0,0,5.6937321388027
20,254,"toothbrush","toothbrush",0,0,2.94443897916644
20,255,"towel","towel",0,1,4.92725368515721
20,256,"trash","trash",0,2,4.34380542185368
20,258,"vacuum","vacuum",0,1,4.00733318523247
20,262,"bathroom","bathroom",0,5,5.82894561761021
20,263,"bathtub","bathtub",0,1,4.88280192258637
20,264,"bed","bed",1,8,7.4770384723197
20,265,"bedroom","bedroom",0,3,5.4971682252932
20,267,"chair","chair",0,4,7.1770187659099
20,268,"closet","closet",0,3,4.7361984483945
20,269,"couch","couch",0,1,4.94875989037817
20,270,"crib","crib",0,0,4.06044301054642
20,271,"door","door",1,7,7.20711885620776
20,272,"drawer","drawer",0,1,4.71849887129509
20,273,"dryer","dryer",0,1,3.17805383034795
20,274,"garage","garage",0,0,5.15905529921453
20,276,"kitchen","kitchen",0,2,6.17378610390194
20,278,"oven","oven",0,3,4.77912349311153
20,281,"potty","potty",0,0,5.11198778835654
20,283,"refrigerator","refrigerator",0,0,5.11799381241676
20,284,"room","room",0,6,7.30653139893951
20,285,"shower","shower",0,5,4.44265125649032
20,286,"sink","sink",0,3,5.04985600724954
20,288,"stairs","stairs",0,0,5.42934562895444
20,289,"stove","stove",0,4,4.77068462446567
20,290,"table","table",0,6,7.24921505711439
20,292,"window","window",0,3,6.24997524225948
20,294,"backyard","yard",0,1,3.29583686600433
20,295,"cloud","cloud",0,2,3.17805383034795
20,296,"flag","flag",0,0,3.85014760171006
20,298,"garden","garden",0,4,5.33753807970132
20,299,"grass","grass",0,3,5.41164605185504
20,300,"hose","hose",0,3,4.00733318523247
20,301,"ladder","ladder",0,1,4.96284463025991
20,303,"moon","moon",0,3,5.11799381241676
20,304,"pool","pool",0,0,5.00394630594546
20,305,"rain","rain",0,7,5.21493575760899
20,307,"roof","roof",0,1,5.09375020080676
20,308,"sandbox","sandbox",0,0,2.94443897916644
20,309,"shovel","shovel",0,0,4.35670882668959
20,310,"sidewalk","sidewalk",0,0,3.58351893845611
20,311,"sky","sky",0,6,5.14749447681345
20,313,"snow","snow",0,6,6.04263283368238
20,316,"star","star",0,4,5.16478597392351
20,317,"stick","stick",0,4,6.20050917404269
20,319,"street","street",0,3,6.11146733950268
20,320,"sun","sun",0,10,5.59471137960184
20,322,"tree","tree",1,13,6.76849321164863
20,324,"wind","wind",0,0,5.54907608489522
21,13,"alligator","alligator",0,0,4.74493212836325
21,14,"animal","animal",0,29,5.64897423816121
21,15,"ant","ant",0,1,3.52636052461616
21,17,"bee","bee",0,1,4.69134788222914
21,19,"bug","bug",1,3,4.92725368515721
21,21,"butterfly","butterfly",0,0,4.60517018598809
21,25,"deer","deer",0,1,4.27666611901606
21,27,"donkey","donkey",0,2,5.01727983681492
21,29,"elephant","elephant",0,2,5.91889385427315
21,31,"frog","frog",0,0,5.59098698051086
21,32,"giraffe","giraffe",0,2,4.83628190695148
21,33,"goose","goose",0,1,4.31748811353631
21,35,"horse","horse",1,7,6.84374994900622
21,37,"lamb","lamb",0,1,4.9416424226093
21,38,"lion","lion",0,3,6.00141487796115
21,39,"monkey","monkey",0,2,5.94017125272043
21,40,"moose","moose",0,0,2.30258509299405
21,41,"mouse","mouse",0,4,6.08677472691231
21,42,"owl","owl",0,0,4.40671924726425
21,43,"penguin","penguin",0,0,3.73766961828337
21,44,"pig","pig",0,2,6.00388706710654
21,45,"pony","pony",0,1,4.29045944114839
21,46,"puppy","puppy",1,2,4.82028156560504
21,47,"rooster","rooster",0,0,4.11087386417331
21,48,"sheep","sheep",0,1,5.25749537202778
21,49,"squirrel","squirrel",0,2,4.4188406077966
21,51,"tiger","tiger",0,3,6.9555926083963
21,52,"turkey","turkey",0,1,4.72738781871234
21,53,"turtle","turtle",0,0,5.49306144334055
21,54,"wolf","wolf",0,1,4.67282883446191
21,55,"zebra","zebra",0,0,4.7361984483945
21,57,"bicycle","bicycle",1,3,4.55387689160054
21,59,"bus","bus",1,3,6.20657592672493
21,62,"helicopter","helicopter",0,1,4.47733681447821
21,63,"motorcycle","motorcycle",0,1,4.0943445622221
21,64,"sled","sled",0,0,4.02535169073515
21,65,"stroller","stroller",0,0,2.30258509299405
21,66,"tractor","tractor",0,0,5.78074351579233
21,67,"train","train",0,2,6.80682936039218
21,68,"tricycle","tricycle",0,1,3.78418963391826
21,72,"bat","bat",0,1,4.27666611901606
21,73,"block","block",0,1,5.605802066296
21,76,"chalk","chalk",0,0,4.0943445622221
21,77,"crayon","crayon",0,1,4.87519732320115
21,78,"doll","doll",0,0,5.79605775076537
21,79,"game","game",0,3,6.85646198459459
21,80,"glue","glue",0,2,4.57471097850338
21,81,"pen","pen",0,4,5.91350300563827
21,82,"pencil","pencil",0,3,6.15697898558556
21,84,"present","present",0,2,5.38449506278909
21,85,"puzzle","puzzle",0,0,5.75257263882563
21,86,"story","story",0,0,7.0184017990692
21,91,"beans","beans",0,1,5.06890420222023
21,92,"bread","bread",0,10,5.96870755998537
21,93,"butter","butter",0,11,6.06378520868761
21,94,"cake","cake",0,6,6.58479139238572
21,95,"candy","candy",0,5,5.52146091786225
21,96,"carrots","carrots",0,1,4.71849887129509
21,97,"cereal","cereal",0,4,5.18738580584075
21,98,"cheerios","cheerios",0,0,3.52636052461616
21,101,"chocolate","chocolate",0,7,5.87773578177964
21,102,"coffee","coffee",0,2,6.3261494731551
21,103,"coke","coke",0,3,3.63758615972639
21,105,"corn","corn",0,2,4.969813299576
21,107,"donut","donut",0,0,1.09861228866811
21,109,"egg","egg",0,3,5.92692602597041
21,111,"food","food",0,37,6.41836493593621
21,115,"gum","gum",0,2,5.06259503302697
21,116,"hamburger","hamburger",0,2,4.29045944114839
21,117,"ice","ice",0,4,6.23244801655052
21,119,"jello","jello",0,1,3.85014760171006
21,120,"jelly","jelly",0,4,4.64439089914137
21,122,"lollipop","lollipop",0,0,3.8286413964891
21,123,"meat","meat",0,7,5.75574221358691
21,126,"muffin","muffin",0,0,3.04452243772342
21,127,"noodles","pasta",0,0,3.97029191355212
21,128,"nuts","nuts",0,1,4.00733318523247
21,131,"peas","peas",0,3,4.45434729625351
21,133,"pickle","pickle",0,0,3.73766961828337
21,134,"pizza","pizza",0,1,3.73766961828337
21,135,"popcorn","popcorn",0,1,4.36944785246702
21,138,"potato","potato",0,2,5.04342511691925
21,140,"pudding","pudding",0,1,4.14313472639153
21,141,"pumpkin","pumpkin",0,0,4.60517018598809
21,142,"raisin","raisin",0,1,2.94443897916644
21,143,"salt","salt",0,2,4.59511985013459
21,144,"sandwich","sandwich",0,5,5.64897423816121
21,145,"sauce","sauce",0,5,4.39444915467244
21,147,"soup","soup",0,9,5.4553211153577
21,148,"spaghetti","pasta",0,0,4.84418708645859
21,149,"strawberry","strawberry",0,2,4.07753744390572
21,150,"toast","toast",0,5,5.40267738187228
21,155,"yogurt","yogurt",0,0,4.35670882668959
21,156,"beads","beads",0,0,3.95124371858143
21,157,"belt","belt",0,1,4.33073334028633
21,159,"boots","boots",0,0,5.37527840768417
21,160,"button","button",0,2,5.80513496891649
21,161,"coat","coat",0,5,6.18208490671663
21,164,"gloves","gloves",0,0,4.55387689160054
21,166,"jacket","jacket",0,6,5.19295685089021
21,167,"jeans","jeans",0,3,3.29583686600433
21,168,"mittens","mittens",0,0,4.36944785246702
21,169,"necklace","necklace",0,0,3.85014760171006
21,170,"pajamas","pajamas",0,0,4.7361984483945
21,171,"pants","pants",0,7,5.99396142730657
21,173,"shirt","shirt",0,6,6.25958146406492
21,175,"shorts","shorts",0,3,3.58351893845611
21,179,"sock","sock",0,1,4.39444915467244
21,180,"sweater","sweater",0,4,4.83628190695148
21,183,"zipper","zipper",0,2,4.18965474202643
21,184,"ankle","ankle",0,1,3.04452243772342
21,185,"arm","arm",1,5,5.59098698051086
21,188,"cheek","cheek",0,1,3.78418963391826
21,189,"chin","chin",0,0,4.24849524204936
21,192,"face","face",0,6,6.52649485957079
21,193,"finger","finger",1,4,6.22059017009974
21,194,"foot","foot",0,9,6.30444880242198
21,196,"hand","hand",1,4,7.16317239084664
21,197,"head","head",1,12,7.15617663748062
21,198,"knee","knee",0,2,5.14749447681345
21,199,"leg","leg",0,6,5.62040086571715
21,200,"lips","lips",0,1,3.73766961828337
21,205,"shoulder","shoulder",0,1,4.45434729625351
21,206,"toe","toe",1,3,4.61512051684126
21,207,"tongue","tongue",0,3,5.33753807970132
21,208,"tooth","tooth",0,0,4.4188406077966
21,209,"tummy","tummy",0,0,5.15329159449778
21,211,"basket","basket",0,0,5.27299955856375
21,214,"bowl","bowl",0,6,5.46383180502561
21,215,"box","box",0,7,7.20191631753163
21,216,"broom","broom",0,1,4.76217393479776
21,218,"bucket","bucket",0,1,4.77912349311153
21,219,"camera","camera",0,1,4.67282883446191
21,221,"clock","clock",0,0,5.52545293913178
21,224,"dish","dish",0,4,4.51085950651685
21,225,"fork","fork",0,5,5.08140436498446
21,226,"garbage","garbage",0,2,5.19295685089021
21,227,"glass","glass",0,6,5.67675380226828
21,228,"glasses","glasses",0,1,5.17614973257383
21,229,"hammer","hammer",0,1,4.84418708645859
21,230,"jar","jar",0,5,4.07753744390572
21,231,"keys","keys",0,0,5.07517381523383
21,232,"knife","knife",0,5,4.9416424226093
21,233,"lamp","lamp",0,2,4.04305126783455
21,235,"medicine","medicine",0,1,4.85203026391962
21,236,"money","money",0,6,6.4425401664682
21,237,"mop","mop",0,2,2.70805020110221
21,238,"nail","nails",0,0,3.95124371858143
21,239,"napkin","napkin",0,0,4.84418708645859
21,240,"paper","paper",0,10,6.97073007814353
21,241,"penny","penny",0,0,4.85981240436167
21,242,"picture","picture",0,1,6.78105762593618
21,243,"pillow","pillow",0,2,4.78749174278205
21,244,"plant","plant",0,2,4.77068462446567
21,245,"plate","plate",0,3,5.85220247977447
21,246,"purse","purse",0,0,4.30406509320417
21,247,"radio","radio",0,2,4.97673374242057
21,248,"scissors","scissors",0,0,5.25749537202778
21,249,"soap","soap",0,4,4.77912349311153
21,251,"tape","tape",0,2,7.10824413973154
21,252,"telephone","telephone",1,0,5.6937321388027
21,254,"toothbrush","toothbrush",0,0,2.94443897916644
21,255,"towel","towel",0,1,4.92725368515721
21,256,"trash","trash",0,2,4.34380542185368
21,258,"vacuum","vacuum",0,1,4.00733318523247
21,262,"bathroom","bathroom",0,5,5.82894561761021
21,263,"bathtub","bathtub",0,1,4.88280192258637
21,265,"bedroom","bedroom",0,3,5.4971682252932
21,267,"chair","chair",1,4,7.1770187659099
21,268,"closet","closet",0,3,4.7361984483945
21,269,"couch","couch",0,1,4.94875989037817
21,270,"crib","crib",0,0,4.06044301054642
21,272,"drawer","drawer",0,1,4.71849887129509
21,273,"dryer","dryer",0,1,3.17805383034795
21,274,"garage","garage",0,0,5.15905529921453
21,276,"kitchen","kitchen",0,2,6.17378610390194
21,278,"oven","oven",0,3,4.77912349311153
21,281,"potty","potty",1,0,5.11198778835654
21,283,"refrigerator","refrigerator",0,0,5.11799381241676
21,284,"room","room",0,6,7.30653139893951
21,285,"shower","shower",0,5,4.44265125649032
21,286,"sink","sink",0,3,5.04985600724954
21,288,"stairs","stairs",0,0,5.42934562895444
21,289,"stove","stove",0,4,4.77068462446567
21,290,"table","table",0,6,7.24921505711439
21,292,"window","window",0,3,6.24997524225948
21,294,"backyard","yard",0,1,3.29583686600433
21,295,"cloud","cloud",0,2,3.17805383034795
21,296,"flag","flag",0,0,3.85014760171006
21,298,"garden","garden",0,4,5.33753807970132
21,299,"grass","grass",0,3,5.41164605185504
21,300,"hose","hose",0,3,4.00733318523247
21,301,"ladder","ladder",0,1,4.96284463025991
21,303,"moon","moon",1,3,5.11799381241676
21,304,"pool","pool",0,0,5.00394630594546
21,305,"rain","rain",0,7,5.21493575760899
21,307,"roof","roof",0,1,5.09375020080676
21,308,"sandbox","sandbox",0,0,2.94443897916644
21,309,"shovel","shovel",0,0,4.35670882668959
21,310,"sidewalk","sidewalk",0,0,3.58351893845611
21,311,"sky","sky",0,6,5.14749447681345
21,313,"snow","snow",0,6,6.04263283368238
21,316,"star","star",0,4,5.16478597392351
21,317,"stick","stick",0,4,6.20050917404269
21,319,"street","street",0,3,6.11146733950268
21,320,"sun","sun",0,10,5.59471137960184
21,324,"wind","wind",0,0,5.54907608489522
22,13,"alligator","alligator",0,0,4.74493212836325
22,14,"animal","animal",0,29,5.64897423816121
22,15,"ant","ant",0,1,3.52636052461616
22,17,"bee","bee",1,1,4.69134788222914
22,21,"butterfly","butterfly",0,0,4.60517018598809
22,25,"deer","deer",0,1,4.27666611901606
22,27,"donkey","donkey",0,2,5.01727983681492
22,29,"elephant","elephant",1,2,5.91889385427315
22,31,"frog","frog",1,0,5.59098698051086
22,32,"giraffe","giraffe",0,2,4.83628190695148
22,33,"goose","goose",0,1,4.31748811353631
22,37,"lamb","lamb",0,1,4.9416424226093
22,38,"lion","lion",0,3,6.00141487796115
22,39,"monkey","monkey",1,2,5.94017125272043
22,40,"moose","moose",0,0,2.30258509299405
22,41,"mouse","mouse",1,4,6.08677472691231
22,42,"owl","owl",1,0,4.40671924726425
22,43,"penguin","penguin",0,0,3.73766961828337
22,44,"pig","pig",1,2,6.00388706710654
22,45,"pony","pony",0,1,4.29045944114839
22,47,"rooster","rooster",0,0,4.11087386417331
22,48,"sheep","sheep",0,1,5.25749537202778
22,49,"squirrel","squirrel",0,2,4.4188406077966
22,51,"tiger","tiger",0,3,6.9555926083963
22,52,"turkey","turkey",0,1,4.72738781871234
22,53,"turtle","turtle",0,0,5.49306144334055
22,54,"wolf","wolf",0,1,4.67282883446191
22,55,"zebra","zebra",0,0,4.7361984483945
22,62,"helicopter","helicopter",0,1,4.47733681447821
22,63,"motorcycle","motorcycle",0,1,4.0943445622221
22,64,"sled","sled",0,0,4.02535169073515
22,65,"stroller","stroller",0,0,2.30258509299405
22,66,"tractor","tractor",0,0,5.78074351579233
22,67,"train","train",1,2,6.80682936039218
22,68,"tricycle","tricycle",0,1,3.78418963391826
22,72,"bat","bat",0,1,4.27666611901606
22,73,"block","block",1,1,5.605802066296
22,76,"chalk","chalk",0,0,4.0943445622221
22,77,"crayon","crayon",1,1,4.87519732320115
22,78,"doll","doll",1,0,5.79605775076537
22,79,"game","game",0,3,6.85646198459459
22,80,"glue","glue",0,2,4.57471097850338
22,81,"pen","pen",0,4,5.91350300563827
22,82,"pencil","pencil",0,3,6.15697898558556
22,84,"present","present",0,2,5.38449506278909
22,85,"puzzle","puzzle",0,0,5.75257263882563
22,86,"story","story",0,0,7.0184017990692
22,91,"beans","beans",0,1,5.06890420222023
22,92,"bread","bread",1,10,5.96870755998537
22,93,"butter","butter",0,11,6.06378520868761
22,94,"cake","cake",1,6,6.58479139238572
22,95,"candy","candy",0,5,5.52146091786225
22,96,"carrots","carrots",0,1,4.71849887129509
22,97,"cereal","cereal",1,4,5.18738580584075
22,98,"cheerios","cheerios",0,0,3.52636052461616
22,101,"chocolate","chocolate",0,7,5.87773578177964
22,102,"coffee","coffee",0,2,6.3261494731551
22,103,"coke","coke",0,3,3.63758615972639
22,105,"corn","corn",0,2,4.969813299576
22,107,"donut","donut",0,0,1.09861228866811
22,109,"egg","egg",1,3,5.92692602597041
22,111,"food","food",0,37,6.41836493593621
22,115,"gum","gum",0,2,5.06259503302697
22,116,"hamburger","hamburger",0,2,4.29045944114839
22,117,"ice","ice",1,4,6.23244801655052
22,119,"jello","jello",0,1,3.85014760171006
22,120,"jelly","jelly",0,4,4.64439089914137
22,122,"lollipop","lollipop",0,0,3.8286413964891
22,123,"meat","meat",0,7,5.75574221358691
22,126,"muffin","muffin",0,0,3.04452243772342
22,127,"noodles","pasta",0,0,3.97029191355212
22,128,"nuts","nuts",0,1,4.00733318523247
22,131,"peas","peas",0,3,4.45434729625351
22,133,"pickle","pickle",0,0,3.73766961828337
22,134,"pizza","pizza",1,1,3.73766961828337
22,135,"popcorn","popcorn",0,1,4.36944785246702
22,138,"potato","potato",0,2,5.04342511691925
22,140,"pudding","pudding",0,1,4.14313472639153
22,141,"pumpkin","pumpkin",0,0,4.60517018598809
22,142,"raisin","raisin",0,1,2.94443897916644
22,143,"salt","salt",0,2,4.59511985013459
22,144,"sandwich","sandwich",0,5,5.64897423816121
22,145,"sauce","sauce",0,5,4.39444915467244
22,147,"soup","soup",0,9,5.4553211153577
22,148,"spaghetti","pasta",0,0,4.84418708645859
22,149,"strawberry","strawberry",0,2,4.07753744390572
22,150,"toast","toast",0,5,5.40267738187228
22,155,"yogurt","yogurt",1,0,4.35670882668959
22,156,"beads","beads",0,0,3.95124371858143
22,157,"belt","belt",0,1,4.33073334028633
22,159,"boots","boots",1,0,5.37527840768417
22,160,"button","button",1,2,5.80513496891649
22,161,"coat","coat",1,5,6.18208490671663
22,164,"gloves","gloves",0,0,4.55387689160054
22,166,"jacket","jacket",0,6,5.19295685089021
22,167,"jeans","jeans",0,3,3.29583686600433
22,168,"mittens","mittens",0,0,4.36944785246702
22,169,"necklace","necklace",0,0,3.85014760171006
22,170,"pajamas","pajamas",0,0,4.7361984483945
22,171,"pants","pants",1,7,5.99396142730657
22,173,"shirt","shirt",1,6,6.25958146406492
22,175,"shorts","shorts",0,3,3.58351893845611
22,179,"sock","sock",1,1,4.39444915467244
22,180,"sweater","sweater",1,4,4.83628190695148
22,183,"zipper","zipper",0,2,4.18965474202643
22,184,"ankle","ankle",0,1,3.04452243772342
22,188,"cheek","cheek",1,1,3.78418963391826
22,189,"chin","chin",0,0,4.24849524204936
22,192,"face","face",0,6,6.52649485957079
22,194,"foot","foot",1,9,6.30444880242198
22,198,"knee","knee",1,2,5.14749447681345
22,199,"leg","leg",1,6,5.62040086571715
22,200,"lips","lips",0,1,3.73766961828337
22,205,"shoulder","shoulder",0,1,4.45434729625351
22,207,"tongue","tongue",1,3,5.33753807970132
22,208,"tooth","tooth",1,0,4.4188406077966
22,209,"tummy","tummy",1,0,5.15329159449778
22,211,"basket","basket",0,0,5.27299955856375
22,214,"bowl","bowl",0,6,5.46383180502561
22,215,"box","box",1,7,7.20191631753163
22,216,"broom","broom",0,1,4.76217393479776
22,218,"bucket","bucket",0,1,4.77912349311153
22,219,"camera","camera",0,1,4.67282883446191
22,221,"clock","clock",0,0,5.52545293913178
22,224,"dish","dish",0,4,4.51085950651685
22,225,"fork","fork",1,5,5.08140436498446
22,226,"garbage","garbage",0,2,5.19295685089021
22,227,"glass","glass",0,6,5.67675380226828
22,228,"glasses","glasses",0,1,5.17614973257383
22,229,"hammer","hammer",0,1,4.84418708645859
22,230,"jar","jar",0,5,4.07753744390572
22,231,"keys","keys",0,0,5.07517381523383
22,232,"knife","knife",0,5,4.9416424226093
22,233,"lamp","lamp",0,2,4.04305126783455
22,235,"medicine","medicine",0,1,4.85203026391962
22,236,"money","money",0,6,6.4425401664682
22,237,"mop","mop",0,2,2.70805020110221
22,238,"nail","nails",0,0,3.95124371858143
22,239,"napkin","napkin",0,0,4.84418708645859
22,240,"paper","paper",1,10,6.97073007814353
22,241,"penny","penny",0,0,4.85981240436167
22,242,"picture","picture",0,1,6.78105762593618
22,243,"pillow","pillow",1,2,4.78749174278205
22,244,"plant","plant",0,2,4.77068462446567
22,245,"plate","plate",0,3,5.85220247977447
22,246,"purse","purse",0,0,4.30406509320417
22,247,"radio","radio",0,2,4.97673374242057
22,248,"scissors","scissors",0,0,5.25749537202778
22,249,"soap","soap",1,4,4.77912349311153
22,251,"tape","tape",0,2,7.10824413973154
22,254,"toothbrush","toothbrush",1,0,2.94443897916644
22,255,"towel","towel",0,1,4.92725368515721
22,256,"trash","trash",0,2,4.34380542185368
22,258,"vacuum","vacuum",0,1,4.00733318523247
22,262,"bathroom","bathroom",0,5,5.82894561761021
22,263,"bathtub","bathtub",1,1,4.88280192258637
22,265,"bedroom","bedroom",0,3,5.4971682252932
22,268,"closet","closet",0,3,4.7361984483945
22,269,"couch","couch",0,1,4.94875989037817
22,270,"crib","crib",0,0,4.06044301054642
22,272,"drawer","drawer",0,1,4.71849887129509
22,273,"dryer","dryer",0,1,3.17805383034795
22,274,"garage","garage",0,0,5.15905529921453
22,276,"kitchen","kitchen",0,2,6.17378610390194
22,278,"oven","oven",0,3,4.77912349311153
22,283,"refrigerator","refrigerator",0,0,5.11799381241676
22,284,"room","room",0,6,7.30653139893951
22,285,"shower","shower",0,5,4.44265125649032
22,286,"sink","sink",0,3,5.04985600724954
22,288,"stairs","stairs",0,0,5.42934562895444
22,289,"stove","stove",0,4,4.77068462446567
22,290,"table","table",0,6,7.24921505711439
22,292,"window","window",0,3,6.24997524225948
22,294,"backyard","yard",0,1,3.29583686600433
22,295,"cloud","cloud",0,2,3.17805383034795
22,296,"flag","flag",0,0,3.85014760171006
22,298,"garden","garden",0,4,5.33753807970132
22,299,"grass","grass",0,3,5.41164605185504
22,300,"hose","hose",0,3,4.00733318523247
22,301,"ladder","ladder",0,1,4.96284463025991
22,304,"pool","pool",0,0,5.00394630594546
22,305,"rain","rain",1,7,5.21493575760899
22,307,"roof","roof",0,1,5.09375020080676
22,308,"sandbox","sandbox",0,0,2.94443897916644
22,309,"shovel","shovel",0,0,4.35670882668959
22,310,"sidewalk","sidewalk",0,0,3.58351893845611
22,311,"sky","sky",0,6,5.14749447681345
22,313,"snow","snow",0,6,6.04263283368238
22,316,"star","star",1,4,5.16478597392351
22,317,"stick","stick",0,4,6.20050917404269
22,319,"street","street",0,3,6.11146733950268
22,320,"sun","sun",0,10,5.59471137960184
22,324,"wind","wind",0,0,5.54907608489522
23,13,"alligator","alligator",0,0,4.74493212836325
23,14,"animal","animal",0,29,5.64897423816121
23,15,"ant","ant",0,1,3.52636052461616
23,21,"butterfly","butterfly",1,0,4.60517018598809
23,25,"deer","deer",0,1,4.27666611901606
23,27,"donkey","donkey",0,2,5.01727983681492
23,32,"giraffe","giraffe",0,2,4.83628190695148
23,33,"goose","goose",0,1,4.31748811353631
23,37,"lamb","lamb",0,1,4.9416424226093
23,38,"lion","lion",1,3,6.00141487796115
23,40,"moose","moose",0,0,2.30258509299405
23,43,"penguin","penguin",0,0,3.73766961828337
23,45,"pony","pony",0,1,4.29045944114839
23,47,"rooster","rooster",0,0,4.11087386417331
23,48,"sheep","sheep",1,1,5.25749537202778
23,49,"squirrel","squirrel",0,2,4.4188406077966
23,51,"tiger","tiger",1,3,6.9555926083963
23,52,"turkey","turkey",0,1,4.72738781871234
23,53,"turtle","turtle",1,0,5.49306144334055
23,54,"wolf","wolf",0,1,4.67282883446191
23,55,"zebra","zebra",0,0,4.7361984483945
23,62,"helicopter","helicopter",0,1,4.47733681447821
23,63,"motorcycle","motorcycle",0,1,4.0943445622221
23,64,"sled","sled",0,0,4.02535169073515
23,65,"stroller","stroller",0,0,2.30258509299405
23,66,"tractor","tractor",0,0,5.78074351579233
23,68,"tricycle","tricycle",0,1,3.78418963391826
23,72,"bat","bat",0,1,4.27666611901606
23,76,"chalk","chalk",0,0,4.0943445622221
23,79,"game","game",0,3,6.85646198459459
23,80,"glue","glue",0,2,4.57471097850338
23,81,"pen","pen",1,4,5.91350300563827
23,82,"pencil","pencil",0,3,6.15697898558556
23,84,"present","present",0,2,5.38449506278909
23,85,"puzzle","puzzle",0,0,5.75257263882563
23,86,"story","story",0,0,7.0184017990692
23,91,"beans","beans",0,1,5.06890420222023
23,93,"butter","butter",0,11,6.06378520868761
23,95,"candy","candy",1,5,5.52146091786225
23,96,"carrots","carrots",0,1,4.71849887129509
23,98,"cheerios","cheerios",1,0,3.52636052461616
23,101,"chocolate","chocolate",0,7,5.87773578177964
23,102,"coffee","coffee",0,2,6.3261494731551
23,103,"coke","coke",0,3,3.63758615972639
23,105,"corn","corn",0,2,4.969813299576
23,107,"donut","donut",0,0,1.09861228866811
23,111,"food","food",1,37,6.41836493593621
23,115,"gum","gum",0,2,5.06259503302697
23,116,"hamburger","hamburger",0,2,4.29045944114839
23,119,"jello","jello",0,1,3.85014760171006
23,120,"jelly","jelly",0,4,4.64439089914137
23,122,"lollipop","lollipop",0,0,3.8286413964891
23,123,"meat","meat",0,7,5.75574221358691
23,126,"muffin","muffin",0,0,3.04452243772342
23,127,"noodles","pasta",0,0,3.97029191355212
23,128,"nuts","nuts",0,1,4.00733318523247
23,131,"peas","peas",0,3,4.45434729625351
23,133,"pickle","pickle",0,0,3.73766961828337
23,135,"popcorn","popcorn",0,1,4.36944785246702
23,138,"potato","potato",0,2,5.04342511691925
23,140,"pudding","pudding",0,1,4.14313472639153
23,141,"pumpkin","pumpkin",0,0,4.60517018598809
23,142,"raisin","raisin",0,1,2.94443897916644
23,143,"salt","salt",0,2,4.59511985013459
23,144,"sandwich","sandwich",0,5,5.64897423816121
23,145,"sauce","sauce",0,5,4.39444915467244
23,147,"soup","soup",0,9,5.4553211153577
23,148,"spaghetti","pasta",0,0,4.84418708645859
23,149,"strawberry","strawberry",1,2,4.07753744390572
23,150,"toast","toast",1,5,5.40267738187228
23,156,"beads","beads",0,0,3.95124371858143
23,157,"belt","belt",0,1,4.33073334028633
23,164,"gloves","gloves",0,0,4.55387689160054
23,166,"jacket","jacket",1,6,5.19295685089021
23,167,"jeans","jeans",0,3,3.29583686600433
23,168,"mittens","mittens",0,0,4.36944785246702
23,169,"necklace","necklace",0,0,3.85014760171006
23,170,"pajamas","pajamas",1,0,4.7361984483945
23,175,"shorts","shorts",0,3,3.58351893845611
23,183,"zipper","zipper",0,2,4.18965474202643
23,184,"ankle","ankle",0,1,3.04452243772342
23,189,"chin","chin",0,0,4.24849524204936
23,192,"face","face",1,6,6.52649485957079
23,200,"lips","lips",0,1,3.73766961828337
23,205,"shoulder","shoulder",0,1,4.45434729625351
23,211,"basket","basket",0,0,5.27299955856375
23,214,"bowl","bowl",1,6,5.46383180502561
23,216,"broom","broom",1,1,4.76217393479776
23,218,"bucket","bucket",0,1,4.77912349311153
23,219,"camera","camera",0,1,4.67282883446191
23,221,"clock","clock",1,0,5.52545293913178
23,224,"dish","dish",0,4,4.51085950651685
23,226,"garbage","garbage",0,2,5.19295685089021
23,227,"glass","glass",0,6,5.67675380226828
23,228,"glasses","glasses",1,1,5.17614973257383
23,229,"hammer","hammer",0,1,4.84418708645859
23,230,"jar","jar",0,5,4.07753744390572
23,231,"keys","keys",0,0,5.07517381523383
23,232,"knife","knife",0,5,4.9416424226093
23,233,"lamp","lamp",0,2,4.04305126783455
23,235,"medicine","medicine",0,1,4.85203026391962
23,236,"money","money",1,6,6.4425401664682
23,237,"mop","mop",0,2,2.70805020110221
23,238,"nail","nails",0,0,3.95124371858143
23,239,"napkin","napkin",0,0,4.84418708645859
23,241,"penny","penny",0,0,4.85981240436167
23,242,"picture","picture",0,1,6.78105762593618
23,244,"plant","plant",0,2,4.77068462446567
23,245,"plate","plate",1,3,5.85220247977447
23,246,"purse","purse",0,0,4.30406509320417
23,247,"radio","radio",0,2,4.97673374242057
23,248,"scissors","scissors",0,0,5.25749537202778
23,251,"tape","tape",0,2,7.10824413973154
23,255,"towel","towel",1,1,4.92725368515721
23,256,"trash","trash",0,2,4.34380542185368
23,258,"vacuum","vacuum",0,1,4.00733318523247
23,262,"bathroom","bathroom",1,5,5.82894561761021
23,265,"bedroom","bedroom",0,3,5.4971682252932
23,268,"closet","closet",0,3,4.7361984483945
23,269,"couch","couch",0,1,4.94875989037817
23,270,"crib","crib",0,0,4.06044301054642
23,272,"drawer","drawer",0,1,4.71849887129509
23,273,"dryer","dryer",0,1,3.17805383034795
23,274,"garage","garage",0,0,5.15905529921453
23,276,"kitchen","kitchen",1,2,6.17378610390194
23,278,"oven","oven",0,3,4.77912349311153
23,283,"refrigerator","refrigerator",0,0,5.11799381241676
23,284,"room","room",0,6,7.30653139893951
23,285,"shower","shower",0,5,4.44265125649032
23,286,"sink","sink",0,3,5.04985600724954
23,288,"stairs","stairs",0,0,5.42934562895444
23,289,"stove","stove",0,4,4.77068462446567
23,290,"table","table",1,6,7.24921505711439
23,292,"window","window",0,3,6.24997524225948
23,294,"backyard","yard",0,1,3.29583686600433
23,295,"cloud","cloud",0,2,3.17805383034795
23,296,"flag","flag",0,0,3.85014760171006
23,298,"garden","garden",0,4,5.33753807970132
23,299,"grass","grass",1,3,5.41164605185504
23,300,"hose","hose",0,3,4.00733318523247
23,301,"ladder","ladder",0,1,4.96284463025991
23,304,"pool","pool",0,0,5.00394630594546
23,307,"roof","roof",0,1,5.09375020080676
23,308,"sandbox","sandbox",0,0,2.94443897916644
23,309,"shovel","shovel",0,0,4.35670882668959
23,310,"sidewalk","sidewalk",0,0,3.58351893845611
23,311,"sky","sky",0,6,5.14749447681345
23,313,"snow","snow",0,6,6.04263283368238
23,317,"stick","stick",0,4,6.20050917404269
23,319,"street","street",0,3,6.11146733950268
23,320,"sun","sun",1,10,5.59471137960184
23,324,"wind","wind",0,0,5.54907608489522
24,13,"alligator","alligator",0,0,4.74493212836325
24,14,"animal","animal",1,29,5.64897423816121
24,15,"ant","ant",0,1,3.52636052461616
24,25,"deer","deer",0,1,4.27666611901606
24,27,"donkey","donkey",0,2,5.01727983681492
24,32,"giraffe","giraffe",1,2,4.83628190695148
24,33,"goose","goose",0,1,4.31748811353631
24,37,"lamb","lamb",0,1,4.9416424226093
24,40,"moose","moose",0,0,2.30258509299405
24,43,"penguin","penguin",0,0,3.73766961828337
24,45,"pony","pony",0,1,4.29045944114839
24,47,"rooster","rooster",0,0,4.11087386417331
24,49,"squirrel","squirrel",0,2,4.4188406077966
24,52,"turkey","turkey",0,1,4.72738781871234
24,54,"wolf","wolf",0,1,4.67282883446191
24,55,"zebra","zebra",1,0,4.7361984483945
24,62,"helicopter","helicopter",0,1,4.47733681447821
24,63,"motorcycle","motorcycle",0,1,4.0943445622221
24,64,"sled","sled",0,0,4.02535169073515
24,65,"stroller","stroller",0,0,2.30258509299405
24,66,"tractor","tractor",0,0,5.78074351579233
24,68,"tricycle","tricycle",0,1,3.78418963391826
24,72,"bat","bat",0,1,4.27666611901606
24,76,"chalk","chalk",0,0,4.0943445622221
24,79,"game","game",0,3,6.85646198459459
24,80,"glue","glue",0,2,4.57471097850338
24,82,"pencil","pencil",0,3,6.15697898558556
24,84,"present","present",1,2,5.38449506278909
24,85,"puzzle","puzzle",1,0,5.75257263882563
24,86,"story","story",1,0,7.0184017990692
24,91,"beans","beans",1,1,5.06890420222023
24,93,"butter","butter",1,11,6.06378520868761
24,96,"carrots","carrots",1,1,4.71849887129509
24,101,"chocolate","chocolate",1,7,5.87773578177964
24,102,"coffee","coffee",1,2,6.3261494731551
24,103,"coke","coke",0,3,3.63758615972639
24,105,"corn","corn",1,2,4.969813299576
24,107,"donut","donut",0,0,1.09861228866811
24,115,"gum","gum",0,2,5.06259503302697
24,116,"hamburger","hamburger",0,2,4.29045944114839
24,119,"jello","jello",0,1,3.85014760171006
24,120,"jelly","jelly",0,4,4.64439089914137
24,122,"lollipop","lollipop",0,0,3.8286413964891
24,123,"meat","meat",0,7,5.75574221358691
24,126,"muffin","muffin",0,0,3.04452243772342
24,127,"noodles","pasta",1,0,3.97029191355212
24,128,"nuts","nuts",0,1,4.00733318523247
24,131,"peas","peas",1,3,4.45434729625351
24,133,"pickle","pickle",0,0,3.73766961828337
24,135,"popcorn","popcorn",1,1,4.36944785246702
24,138,"potato","potato",0,2,5.04342511691925
24,140,"pudding","pudding",0,1,4.14313472639153
24,141,"pumpkin","pumpkin",0,0,4.60517018598809
24,142,"raisin","raisin",1,1,2.94443897916644
24,143,"salt","salt",0,2,4.59511985013459
24,144,"sandwich","sandwich",0,5,5.64897423816121
24,145,"sauce","sauce",0,5,4.39444915467244
24,147,"soup","soup",0,9,5.4553211153577
24,148,"spaghetti","pasta",1,0,4.84418708645859
24,156,"beads","beads",0,0,3.95124371858143
24,157,"belt","belt",0,1,4.33073334028633
24,164,"gloves","gloves",0,0,4.55387689160054
24,167,"jeans","jeans",0,3,3.29583686600433
24,168,"mittens","mittens",0,0,4.36944785246702
24,169,"necklace","necklace",0,0,3.85014760171006
24,175,"shorts","shorts",0,3,3.58351893845611
24,183,"zipper","zipper",1,2,4.18965474202643
24,184,"ankle","ankle",0,1,3.04452243772342
24,189,"chin","chin",1,0,4.24849524204936
24,200,"lips","lips",0,1,3.73766961828337
24,205,"shoulder","shoulder",0,1,4.45434729625351
24,211,"basket","basket",0,0,5.27299955856375
24,218,"bucket","bucket",0,1,4.77912349311153
24,219,"camera","camera",0,1,4.67282883446191
24,224,"dish","dish",0,4,4.51085950651685
24,226,"garbage","garbage",0,2,5.19295685089021
24,227,"glass","glass",0,6,5.67675380226828
24,229,"hammer","hammer",0,1,4.84418708645859
24,230,"jar","jar",0,5,4.07753744390572
24,231,"keys","keys",1,0,5.07517381523383
24,232,"knife","knife",0,5,4.9416424226093
24,233,"lamp","lamp",0,2,4.04305126783455
24,235,"medicine","medicine",1,1,4.85203026391962
24,237,"mop","mop",0,2,2.70805020110221
24,238,"nail","nails",0,0,3.95124371858143
24,239,"napkin","napkin",1,0,4.84418708645859
24,241,"penny","penny",0,0,4.85981240436167
24,242,"picture","picture",1,1,6.78105762593618
24,244,"plant","plant",0,2,4.77068462446567
24,246,"purse","purse",1,0,4.30406509320417
24,247,"radio","radio",0,2,4.97673374242057
24,248,"scissors","scissors",0,0,5.25749537202778
24,251,"tape","tape",0,2,7.10824413973154
24,256,"trash","trash",1,2,4.34380542185368
24,258,"vacuum","vacuum",0,1,4.00733318523247
24,265,"bedroom","bedroom",0,3,5.4971682252932
24,268,"closet","closet",0,3,4.7361984483945
24,269,"couch","couch",1,1,4.94875989037817
24,270,"crib","crib",0,0,4.06044301054642
24,272,"drawer","drawer",0,1,4.71849887129509
24,273,"dryer","dryer",0,1,3.17805383034795
24,274,"garage","garage",0,0,5.15905529921453
24,278,"oven","oven",0,3,4.77912349311153
24,283,"refrigerator","refrigerator",0,0,5.11799381241676
24,284,"room","room",1,6,7.30653139893951
24,285,"shower","shower",1,5,4.44265125649032
24,286,"sink","sink",0,3,5.04985600724954
24,288,"stairs","stairs",0,0,5.42934562895444
24,289,"stove","stove",0,4,4.77068462446567
24,292,"window","window",0,3,6.24997524225948
24,294,"backyard","yard",0,1,3.29583686600433
24,295,"cloud","cloud",0,2,3.17805383034795
24,296,"flag","flag",0,0,3.85014760171006
24,298,"garden","garden",0,4,5.33753807970132
24,300,"hose","hose",0,3,4.00733318523247
24,301,"ladder","ladder",0,1,4.96284463025991
24,304,"pool","pool",1,0,5.00394630594546
24,307,"roof","roof",0,1,5.09375020080676
24,308,"sandbox","sandbox",0,0,2.94443897916644
24,309,"shovel","shovel",0,0,4.35670882668959
24,310,"sidewalk","sidewalk",0,0,3.58351893845611
24,311,"sky","sky",1,6,5.14749447681345
24,313,"snow","snow",0,6,6.04263283368238
24,317,"stick","stick",1,4,6.20050917404269
24,319,"street","street",0,3,6.11146733950268
24,324,"wind","wind",0,0,5.54907608489522
25,13,"alligator","alligator",1,0,4.74493212836325
25,15,"ant","ant",1,1,3.52636052461616
25,25,"deer","deer",0,1,4.27666611901606
25,27,"donkey","donkey",0,2,5.01727983681492
25,33,"goose","goose",0,1,4.31748811353631
25,37,"lamb","lamb",0,1,4.9416424226093
25,40,"moose","moose",0,0,2.30258509299405
25,43,"penguin","penguin",0,0,3.73766961828337
25,45,"pony","pony",0,1,4.29045944114839
25,47,"rooster","rooster",0,0,4.11087386417331
25,49,"squirrel","squirrel",1,2,4.4188406077966
25,52,"turkey","turkey",0,1,4.72738781871234
25,54,"wolf","wolf",0,1,4.67282883446191
25,62,"helicopter","helicopter",1,1,4.47733681447821
25,63,"motorcycle","motorcycle",1,1,4.0943445622221
25,64,"sled","sled",0,0,4.02535169073515
25,65,"stroller","stroller",1,0,2.30258509299405
25,66,"tractor","tractor",1,0,5.78074351579233
25,68,"tricycle","tricycle",0,1,3.78418963391826
25,72,"bat","bat",0,1,4.27666611901606
25,76,"chalk","chalk",0,0,4.0943445622221
25,79,"game","game",0,3,6.85646198459459
25,80,"glue","glue",0,2,4.57471097850338
25,82,"pencil","pencil",1,3,6.15697898558556
25,103,"coke","coke",0,3,3.63758615972639
25,107,"donut","donut",0,0,1.09861228866811
25,115,"gum","gum",0,2,5.06259503302697
25,116,"hamburger","hamburger",1,2,4.29045944114839
25,119,"jello","jello",0,1,3.85014760171006
25,120,"jelly","jelly",0,4,4.64439089914137
25,122,"lollipop","lollipop",0,0,3.8286413964891
25,123,"meat","meat",0,7,5.75574221358691
25,126,"muffin","muffin",0,0,3.04452243772342
25,128,"nuts","nuts",0,1,4.00733318523247
25,133,"pickle","pickle",0,0,3.73766961828337
25,138,"potato","potato",1,2,5.04342511691925
25,140,"pudding","pudding",0,1,4.14313472639153
25,141,"pumpkin","pumpkin",0,0,4.60517018598809
25,143,"salt","salt",0,2,4.59511985013459
25,144,"sandwich","sandwich",1,5,5.64897423816121
25,145,"sauce","sauce",0,5,4.39444915467244
25,147,"soup","soup",1,9,5.4553211153577
25,156,"beads","beads",0,0,3.95124371858143
25,157,"belt","belt",0,1,4.33073334028633
25,164,"gloves","gloves",0,0,4.55387689160054
25,167,"jeans","jeans",0,3,3.29583686600433
25,168,"mittens","mittens",0,0,4.36944785246702
25,169,"necklace","necklace",0,0,3.85014760171006
25,175,"shorts","shorts",1,3,3.58351893845611
25,184,"ankle","ankle",0,1,3.04452243772342
25,200,"lips","lips",1,1,3.73766961828337
25,205,"shoulder","shoulder",0,1,4.45434729625351
25,211,"basket","basket",1,0,5.27299955856375
25,218,"bucket","bucket",0,1,4.77912349311153
25,219,"camera","camera",1,1,4.67282883446191
25,224,"dish","dish",0,4,4.51085950651685
25,226,"garbage","garbage",0,2,5.19295685089021
25,227,"glass","glass",0,6,5.67675380226828
25,229,"hammer","hammer",0,1,4.84418708645859
25,230,"jar","jar",0,5,4.07753744390572
25,232,"knife","knife",1,5,4.9416424226093
25,233,"lamp","lamp",0,2,4.04305126783455
25,237,"mop","mop",0,2,2.70805020110221
25,238,"nail","nails",0,0,3.95124371858143
25,241,"penny","penny",0,0,4.85981240436167
25,244,"plant","plant",0,2,4.77068462446567
25,247,"radio","radio",0,2,4.97673374242057
25,248,"scissors","scissors",1,0,5.25749537202778
25,251,"tape","tape",0,2,7.10824413973154
25,258,"vacuum","vacuum",1,1,4.00733318523247
25,265,"bedroom","bedroom",1,3,5.4971682252932
25,268,"closet","closet",0,3,4.7361984483945
25,270,"crib","crib",0,0,4.06044301054642
25,272,"drawer","drawer",0,1,4.71849887129509
25,273,"dryer","dryer",0,1,3.17805383034795
25,274,"garage","garage",0,0,5.15905529921453
25,278,"oven","oven",0,3,4.77912349311153
25,283,"refrigerator","refrigerator",1,0,5.11799381241676
25,286,"sink","sink",1,3,5.04985600724954
25,288,"stairs","stairs",1,0,5.42934562895444
25,289,"stove","stove",0,4,4.77068462446567
25,292,"window","window",1,3,6.24997524225948
25,294,"backyard","yard",0,1,3.29583686600433
25,295,"cloud","cloud",0,2,3.17805383034795
25,296,"flag","flag",0,0,3.85014760171006
25,298,"garden","garden",0,4,5.33753807970132
25,300,"hose","hose",0,3,4.00733318523247
25,301,"ladder","ladder",0,1,4.96284463025991
25,307,"roof","roof",0,1,5.09375020080676
25,308,"sandbox","sandbox",0,0,2.94443897916644
25,309,"shovel","shovel",0,0,4.35670882668959
25,310,"sidewalk","sidewalk",0,0,3.58351893845611
25,313,"snow","snow",1,6,6.04263283368238
25,319,"street","street",1,3,6.11146733950268
25,324,"wind","wind",0,0,5.54907608489522
26,25,"deer","deer",0,1,4.27666611901606
26,27,"donkey","donkey",0,2,5.01727983681492
26,33,"goose","goose",0,1,4.31748811353631
26,37,"lamb","lamb",1,1,4.9416424226093
26,40,"moose","moose",0,0,2.30258509299405
26,43,"penguin","penguin",0,0,3.73766961828337
26,45,"pony","pony",0,1,4.29045944114839
26,47,"rooster","rooster",0,0,4.11087386417331
26,52,"turkey","turkey",0,1,4.72738781871234
26,54,"wolf","wolf",0,1,4.67282883446191
26,64,"sled","sled",0,0,4.02535169073515
26,68,"tricycle","tricycle",0,1,3.78418963391826
26,72,"bat","bat",1,1,4.27666611901606
26,76,"chalk","chalk",0,0,4.0943445622221
26,79,"game","game",0,3,6.85646198459459
26,80,"glue","glue",0,2,4.57471097850338
26,103,"coke","coke",0,3,3.63758615972639
26,107,"donut","donut",1,0,1.09861228866811
26,115,"gum","gum",1,2,5.06259503302697
26,119,"jello","jello",0,1,3.85014760171006
26,120,"jelly","jelly",0,4,4.64439089914137
26,122,"lollipop","lollipop",0,0,3.8286413964891
26,123,"meat","meat",1,7,5.75574221358691
26,126,"muffin","muffin",0,0,3.04452243772342
26,128,"nuts","nuts",0,1,4.00733318523247
26,133,"pickle","pickle",1,0,3.73766961828337
26,140,"pudding","pudding",0,1,4.14313472639153
26,141,"pumpkin","pumpkin",1,0,4.60517018598809
26,143,"salt","salt",0,2,4.59511985013459
26,145,"sauce","sauce",0,5,4.39444915467244
26,156,"beads","beads",0,0,3.95124371858143
26,157,"belt","belt",1,1,4.33073334028633
26,164,"gloves","gloves",0,0,4.55387689160054
26,167,"jeans","jeans",0,3,3.29583686600433
26,168,"mittens","mittens",0,0,4.36944785246702
26,169,"necklace","necklace",1,0,3.85014760171006
26,184,"ankle","ankle",0,1,3.04452243772342
26,205,"shoulder","shoulder",0,1,4.45434729625351
26,218,"bucket","bucket",1,1,4.77912349311153
26,224,"dish","dish",0,4,4.51085950651685
26,226,"garbage","garbage",1,2,5.19295685089021
26,227,"glass","glass",1,6,5.67675380226828
26,229,"hammer","hammer",1,1,4.84418708645859
26,230,"jar","jar",0,5,4.07753744390572
26,233,"lamp","lamp",0,2,4.04305126783455
26,237,"mop","mop",0,2,2.70805020110221
26,238,"nail","nails",0,0,3.95124371858143
26,241,"penny","penny",1,0,4.85981240436167
26,244,"plant","plant",1,2,4.77068462446567
26,247,"radio","radio",0,2,4.97673374242057
26,251,"tape","tape",1,2,7.10824413973154
26,268,"closet","closet",1,3,4.7361984483945
26,270,"crib","crib",1,0,4.06044301054642
26,272,"drawer","drawer",0,1,4.71849887129509
26,273,"dryer","dryer",0,1,3.17805383034795
26,274,"garage","garage",1,0,5.15905529921453
26,278,"oven","oven",0,3,4.77912349311153
26,289,"stove","stove",1,4,4.77068462446567
26,294,"backyard","yard",0,1,3.29583686600433
26,295,"cloud","cloud",1,2,3.17805383034795
26,296,"flag","flag",1,0,3.85014760171006
26,298,"garden","garden",0,4,5.33753807970132
26,300,"hose","hose",0,3,4.00733318523247
26,301,"ladder","ladder",0,1,4.96284463025991
26,307,"roof","roof",0,1,5.09375020080676
26,308,"sandbox","sandbox",0,0,2.94443897916644
26,309,"shovel","shovel",1,0,4.35670882668959
26,310,"sidewalk","sidewalk",0,0,3.58351893845611
26,324,"wind","wind",0,0,5.54907608489522
27,25,"deer","deer",1,1,4.27666611901606
27,27,"donkey","donkey",0,2,5.01727983681492
27,33,"goose","goose",0,1,4.31748811353631
27,40,"moose","moose",0,0,2.30258509299405
27,43,"penguin","penguin",0,0,3.73766961828337
27,45,"pony","pony",0,1,4.29045944114839
27,47,"rooster","rooster",0,0,4.11087386417331
27,52,"turkey","turkey",1,1,4.72738781871234
27,54,"wolf","wolf",0,1,4.67282883446191
27,64,"sled","sled",0,0,4.02535169073515
27,68,"tricycle","tricycle",0,1,3.78418963391826
27,76,"chalk","chalk",0,0,4.0943445622221
27,79,"game","game",1,3,6.85646198459459
27,80,"glue","glue",0,2,4.57471097850338
27,103,"coke","coke",0,3,3.63758615972639
27,119,"jello","jello",0,1,3.85014760171006
27,120,"jelly","jelly",1,4,4.64439089914137
27,122,"lollipop","lollipop",0,0,3.8286413964891
27,126,"muffin","muffin",1,0,3.04452243772342
27,128,"nuts","nuts",0,1,4.00733318523247
27,140,"pudding","pudding",0,1,4.14313472639153
27,143,"salt","salt",0,2,4.59511985013459
27,145,"sauce","sauce",0,5,4.39444915467244
27,156,"beads","beads",0,0,3.95124371858143
27,164,"gloves","gloves",0,0,4.55387689160054
27,167,"jeans","jeans",0,3,3.29583686600433
27,168,"mittens","mittens",0,0,4.36944785246702
27,184,"ankle","ankle",0,1,3.04452243772342
27,205,"shoulder","shoulder",0,1,4.45434729625351
27,224,"dish","dish",1,4,4.51085950651685
27,230,"jar","jar",0,5,4.07753744390572
27,233,"lamp","lamp",0,2,4.04305126783455
27,237,"mop","mop",0,2,2.70805020110221
27,238,"nail","nails",0,0,3.95124371858143
27,247,"radio","radio",1,2,4.97673374242057
27,272,"drawer","drawer",1,1,4.71849887129509
27,273,"dryer","dryer",0,1,3.17805383034795
27,278,"oven","oven",1,3,4.77912349311153
27,294,"backyard","yard",0,1,3.29583686600433
27,298,"garden","garden",0,4,5.33753807970132
27,300,"hose","hose",1,3,4.00733318523247
27,301,"ladder","ladder",1,1,4.96284463025991
27,307,"roof","roof",0,1,5.09375020080676
27,308,"sandbox","sandbox",1,0,2.94443897916644
27,310,"sidewalk","sidewalk",0,0,3.58351893845611
27,324,"wind","wind",1,0,5.54907608489522
28,27,"donkey","donkey",1,2,5.01727983681492
28,33,"goose","goose",1,1,4.31748811353631
28,40,"moose","moose",1,0,2.30258509299405
28,43,"penguin","penguin",1,0,3.73766961828337
28,45,"pony","pony",1,1,4.29045944114839
28,47,"rooster","rooster",1,0,4.11087386417331
28,54,"wolf","wolf",1,1,4.67282883446191
28,64,"sled","sled",0,0,4.02535169073515
28,68,"tricycle","tricycle",0,1,3.78418963391826
28,76,"chalk","chalk",1,0,4.0943445622221
28,80,"glue","glue",1,2,4.57471097850338
28,103,"coke","coke",1,3,3.63758615972639
28,119,"jello","jello",1,1,3.85014760171006
28,122,"lollipop","lollipop",1,0,3.8286413964891
28,128,"nuts","nuts",1,1,4.00733318523247
28,140,"pudding","pudding",1,1,4.14313472639153
28,143,"salt","salt",1,2,4.59511985013459
28,145,"sauce","sauce",1,5,4.39444915467244
28,156,"beads","beads",0,0,3.95124371858143
28,164,"gloves","gloves",1,0,4.55387689160054
28,167,"jeans","jeans",1,3,3.29583686600433
28,168,"mittens","mittens",1,0,4.36944785246702
28,184,"ankle","ankle",0,1,3.04452243772342
28,205,"shoulder","shoulder",1,1,4.45434729625351
28,230,"jar","jar",0,5,4.07753744390572
28,233,"lamp","lamp",1,2,4.04305126783455
28,237,"mop","mop",1,2,2.70805020110221
28,238,"nail","nails",1,0,3.95124371858143
28,273,"dryer","dryer",1,1,3.17805383034795
28,294,"backyard","yard",1,1,3.29583686600433
28,298,"garden","garden",1,4,5.33753807970132
28,307,"roof","roof",1,1,5.09375020080676
28,310,"sidewalk","sidewalk",1,0,3.58351893845611
29,64,"sled","sled",0,0,4.02535169073515
29,68,"tricycle","tricycle",0,1,3.78418963391826
29,156,"beads","beads",0,0,3.95124371858143
29,184,"ankle","ankle",0,1,3.04452243772342
29,230,"jar","jar",1,5,4.07753744390572
30,64,"sled","sled",1,0,4.02535169073515
30,68,"tricycle","tricycle",1,1,3.78418963391826
30,156,"beads","beads",1,0,3.95124371858143
30,184,"ankle","ankle",1,1,3.04452243772342
